timestamp,room,actual_co2,actual_humidity,pred_co2,pred_humidity,pred_energy
1788329876.020046,0101,397.98,66.00,399.46069129225344,65.4673715721462,0.0142139787932583
1788329888.9329665,0101,400.99,66.00,400.1737627665792,65.46737157214619,0.013584296427091583
1788329901.4702408,0101,399.65,66.00,399.7592263456773,65.46737157214619,0.01411609395844114
1788329913.6824996,0101,401.50,66.00,400.1405591162971,65.4673715721462,0.013478104248810014
1788329925.809687,0101,399.51,66.00,399.83548965709684,65.46737157214619,0.014174495597785402
1788329938.4723759,0101,401.24,66.00,400.1329869695368,65.46737157214619,0.013577889126552853
1788329950.5779223,0101,401.36,66.00,400.1625659872661,65.46737157214619,0.013478104248810014
1788329963.2990265,0101,399.35,66.00,399.90981283330336,65.46737157214619,0.014149606708896511
1788329975.3270998,0101,401.20,66.00,400.13298696953683,65.46737157214619,0.013577889126552853
1788329987.7152698,0101,398.33,66.00,399.7850428657123,65.46737157214622,0.014362110010951513
1788330000.6009755,0101,398.40,66.00,399.7850428657123,65.4673715721462,0.014187004440794248
1788330012.8026211,0101,401.61,66.00,400.29895636294793,65.46737157214619,0.013478104248810005
1788330025.2993612,0101,399.93,66.00,400.1174954731586,65.4673715721462,0.014103093958441134
1788330037.11578,0101,401.86,66.00,400.50593676685895,65.46737157214619,0.013475040618812715
1788330049.7287567,0101,400.60,66.00,400.2213604123739,65.46737157214619,0.013749958023246819
1788330061.5891712,0101,397.53,66.00,399.4633162922535,65.46737157214619,0.014200645459924971
1788330074.2451348,0101,399.82,66.00,400.0369731748855,65.46737157214622,0.014123093958441135
1788330087.8107693,0101,398.28,67.00,399.7792650879344,65.62253813901826,0.014395443344284851
1788330099.6651857,0101,400.52,67.00,400.2200536940922,65.62253813901825,0.013724056383902556
1788330112.1231236,0101,398.21,67.00,399.77926508793445,65.62253813901825,0.014853978793258298
1788330124.482595,0101,398.25,67.00,399.77926508793445,65.62253813901825,0.014853978793258303
1788330137.0191603,0101,400.68,67.00,400.1852770790406,65.62253813901825,0.013709922315740839
1788330149.2893038,0101,398.34,67.00,399.7850428657123,65.62253813901825,0.014362110010951522
1788330163.4820244,0101,401.08,67.00,400.185592097742,65.62253813901826,0.013573672602336323
1788330175.3350139,0101,400.77,67.00,400.18790574803865,65.62253813901825,0.01370763599095451
1788330187.5548275,0101,401.28,67.00,400.1575144566844,65.62253813901825,0.013524770915476676
1788330199.7621636,0101,398.76,67.00,399.73806459086444,65.62268822018123,0.003393807078390281
1788330210.8204918,0101,401.14,67.00,400.2259633616126,65.62268822018123,0.0035607993935319287
1788330222.2999642,0101,401.66,67.00,400.27574029309966,65.62268822018125,0.0035106763171754304
1788330233.3558016,0101,401.16,67.00,400.1842708996885,65.62268822018123,0.003567960306796099
1788330244.412655,0101,399.46,67.00,399.8475174348746,65.62268822018123,0.0033135880707970524
1788330255.4429712,0101,400.21,67.00,400.1404410659288,65.62268822018123,0.003509570381459263
1788330266.9253416,0101,399.73,68.00,399.8565264604207,66.25984397114,0.00338640525019427
1788330278.0107212,0101,400.26,67.00,400.16430746804537,65.62268822018125,0.0035393743030278906
1788330289.38961,0101,399.38,67.00,399.88947949997004,65.62268822018125,0.003326921404130386
1788330300.477303,0101,400.35,68.00,400.18839080137866,66.25984397114,0.0035393743030278898
1788330311.5876231,0101,399.97,68.00,400.07823488098,66.25984397114,0.0034491220942036347
1788330322.6351318,0101,401.34,67.00,400.1837150535029,65.62268822018126,0.003547611183075814
1788330333.7333848,0101,400.10,67.00,400.0686529606072,65.62268822018125,0.003475284667173548
1788330345.1323533,0101,398.68,67.00,399.7595051336259,65.62268822018125,0.00339380707839028
1788330356.1942263,0101,401.94,67.00,400.45428013317326,65.62268822018125,0.0035106763171754317
1788330367.3139591,0101,401.82,68.00,400.3134013475438,66.25984397113999,0.0035106763171754312
1788330378.3925307,0101,399.42,68.00,399.84381283330345,66.25984397113999,0.003326921404130386
1788330389.898431,0101,402.28,68.00,400.52919406873747,66.25984397114001,0.003521239686973683
1788330401.3240056,0101,402.17,67.00,400.62101042233917,65.62268822018123,0.0035212396869736813
1788330413.665334,0101,400.35,68.00,400.1883908013787,66.25984397114001,0.0035393743030278906
1788330425.0334926,0101,398.31,68.00,399.7493361990456,66.25984397114,0.0035026109999589075
1788330436.1011326,0101,398.86,67.00,399.7463494911493,65.62268822018126,0.0033318631993434988
1788330447.2666826,0101,399.04,68.00,399.7693312919156,66.25984397113999,0.0033252077560213893
1788330458.7307107,0101,398.73,68.00,399.75950513362596,66.25984397114001,0.00339380707839028
1788330471.127997,0101,401.45,68.00,400.15742637978224,66.25984397114,0.0035106763171754312
1788330482.2146983,0101,400.38,67.00,400.1883908013788,65.62268822018123,0.0035393743030278906
1788330493.3043954,0101,401.64,68.00,400.3214458486552,66.25984397113999,0.0035106763171754312
1788330504.4240596,0101,398.41,68.00,399.7493361990456,66.25984397114001,0.0035359443332922402
1788330515.5920436,0101,401.30,68.00,400.1820483868363,66.25984397114001,0.0035476111830758145
1788330527.649398,0101,399.82,68.00,400.04334270826456,66.25984397114003,0.0034110477698793096
1788330541.0713694,0101,401.78,68.00,400.31340134754385,66.25984397114001,0.0035106763171754312
1788330552.179782,0101,398.16,68.00,399.62876638643564,66.25984397114003,0.0035026109999589075
1788330563.5846972,0101,398.41,68.00,399.7493361990455,66.25984397114,0.003535944333292241
1788330574.9892852,0101,398.89,68.00,399.7463494911493,66.25984397113999,0.0033318631993434988
1788330586.578246,0101,401.76,68.00,400.31340134754373,66.25984397114003,0.0035106763171754312
1788330598.04024,0101,402.48,68.00,400.46248962444315,66.25984397113999,0.003478697913752206
1788330609.1511981,0101,401.49,68.00,400.1574263797823,66.25984397114001,0.0035106763171754312
1788330620.2182276,0101,401.54,68.00,400.1640930464489,66.25984397114001,0.0035106763171754304
1788330631.6506433,0101,399.33,68.00,399.9154087928993,66.25984397113997,0.0033252077560213885
1788330642.728351,0101,402.07,68.00,400.5938012098185,66.25984397114001,0.0034986590418123915
1788330653.7528715,0101,399.44,68.00,399.8438128333034,66.25984397113999,0.0033269214041303863
1788330664.8141024,0101,399.57,68.00,399.7228763456772,66.25984397114001,0.003373071916860937
1788330676.2532153,0101,398.21,68.00,399.74355842126784,66.25984397114,0.0035026109999589067
1788330687.6057088,0101,401.30,67.00,400.18204838683624,65.62268822018123,0.0035476111830758145
1788330698.6361377,0101,401.52,68.00,400.16409304644895,66.25984397114003,0.0035106763171754312
1788330710.7123747,0101,398.64,68.00,399.76460989553067,66.25984397114001,0.003417140411723614
1788330722.1811562,0101,399.69,68.00,399.8675131270873,66.25984397113999,0.00338640525019427
1788330734.994623,0101,401.01,68.00,400.2141340304499,66.25984397114003,0.0035331803459128816
1788330746.40336,0101,399.21,67.00,399.918795442258,65.62268822018123,0.0033118744226880554
1788330757.4662578,0101,399.92,67.00,400.1116628420355,65.62268822018123,0.0034491220942036347
1788330768.5385435,0101,398.94,68.00,399.7636828244826,66.25984397113999,0.0033545904720707715
1788330779.9288478,0101,401.06,67.00,400.2259633616126,65.62268822018125,0.0035607993935319266
1788330791.4026635,0101,398.74,67.00,399.7595051336259,65.62268822018123,0.00339380707839028
1788330802.4374619,0101,400.48,68.00,400.2452699518579,66.25984397114,0.0035260409696945562
1788330814.1101563,0101,400.97,68.00,400.21413403044994,66.25984397113999,0.003526040969694558
1788330825.2293038,0101,400.23,67.00,400.14044106592894,65.62268822018123,0.0035095703814592622
1788330836.3677623,0101,399.13,68.00,399.76367889214146,66.25984397114001,0.003311874422688055
1788330847.4929864,0101,400.93,67.00,400.20588947231175,65.62268822018123,0.003526040969694557
1788330858.5410047,0101,399.83,67.00,400.04334270826445,65.62268822018123,0.0034110477698793087
1788330869.9548929,0101,399.98,67.00,400.07823488097995,65.62268822018125,0.003449122094203634
1788330881.019459,0101,398.51,67.00,399.75530721353834,65.62268822018123,0.0034704737450569462
1788330892.4217093,0101,399.81,67.00,400.0433427082646,65.62268822018125,0.0034110477698793087
1788330903.5520902,0101,398.82,67.00,399.7380645908644,65.62268822018123,0.00339380707839028
1788330914.6376715,0101,399.26,67.00,399.9127421262327,65.62268822018123,0.003311874422688055
1788330925.725108,0101,400.40,67.00,400.1883908013788,65.62268822018125,0.0035393743030278898
1788330937.4170854,0101,401.83,67.00,400.31340134754373,65.62268822018123,0.0035106763171754304
1788330948.4424105,0101,399.30,68.00,399.9127421262327,66.25984397113997,0.003311874422688056
1788330959.8861382,0101,400.32,67.00,400.1643074680453,65.62268822018123,0.0035393743030278898
1788330970.9505975,0101,402.04,67.00,400.58617801934525,65.62268822018123,0.0034826488252052636
1788330982.2437193,0101,399.06,68.00,399.7630122254748,66.25984397114,0.0033118744226880554
1788330993.6910503,0101,401.83,67.00,400.31340134754373,65.62268822018123,0.0035106763171754312
1788331004.7630458,0101,399.87,67.00,400.1203295087021,65.62268822018123,0.0034427144365459764
1788331017.2110207,0101,400.45,67.00,400.24526995185795,65.62268822018125,0.0035260409696945562
1788331028.304986,0101,399.15,67.00,399.7636788921414,65.62268822018123,0.0033118744226880554
1788331040.415322,0101,401.09,67.00,400.22596336161274,65.62268822018125,0.0035607993935319283
1788331052.5244472,0101,399.21,68.00,399.91879544225804,66.25984397113996,0.0033118744226880554
1788331065.0157514,0101,400.72,68.00,400.22710685661974,66.25984397113999,0.0035260409696945562
1788331076.3710358,0101,398.98,68.00,399.76199795858224,66.25984397114,0.0033545904720707707
1788331087.4369326,0101,400.79,68.00,400.22529108117357,66.25984397114001,0.003526040969694557
1788331098.4828143,0101,398.08,68.00,399.3949846255867,66.25984397113997,0.0035026109999589075
1788331110.0502186,0101,400.49,67.00,400.2452699518579,65.62268822018126,0.003526040969694557
1788331121.0950024,0101,398.77,67.00,399.7380645908644,65.62268822018123,0.00339380707839028
1788331132.4997873,0101,400.50,67.00,400.24526995185795,65.62268822018123,0.003526040969694557
1788331143.9496558,0101,400.51,67.00,400.24526995185795,65.62268822018123,0.003526040969694557
1788331155.0298178,0101,400.88,67.00,400.2058894723117,65.62268822018123,0.003526040969694557
1788331166.0947978,0101,398.91,66.00,399.76368282448266,65.47142354337939,0.0033545904720707715
1788331177.106681,0101,399.11,67.00,399.7636788921414,65.62268822018125,0.003311874422688055
1788331188.1556175,0101,400.21,66.00,400.14044106592894,65.47142354337934,0.003509570381459263
1788331199.2261643,0101,400.05,66.00,400.0663682143133,65.47142354337936,0.003449122094203633
1788331210.309563,0101,401.02,66.00,400.21413403044994,65.47142354337936,0.0035331803459128807
1788331221.399819,0101,398.14,66.00,399.3949846255867,65.47142354337936,0.0035026109999589075
1788331232.4412284,0101,400.87,66.00,400.20588947231175,65.47142354337936,0.0035260409696945562
1788331243.8925855,0101,400.73,66.00,400.22710685661974,65.47142354337937,0.0035260409696945562
1788331255.3160255,0101,400.94,66.00,400.20588947231175,65.47142354337936,0.003526040969694556
1788331266.4628298,0101,400.02,66.00,400.0663682143134,65.47142354337936,0.003449122094203633
1788331277.519206,0101,398.17,66.00,399.62876638643553,65.47142354337936,0.0035026109999589084
1788331288.8932235,0101,398.63,66.00,399.76460989553067,65.47142354337936,0.003417140411723613
1788331300.01863,0101,399.90,66.00,400.12032950870224,65.47142354337936,0.0034427144365459764
1788331311.044067,0101,399.49,66.00,399.84751743487465,65.47142354337936,0.0033135880707970524
1788331322.1140997,0101,401.41,66.00,400.1794332507512,65.47142354337936,0.0035476111830758145
1788331333.4191017,0101,400.58,66.00,400.24719018995313,65.47142354337939,0.0035260409696945562
1788331344.576294,0101,399.73,66.00,399.8565264604207,65.47142354337934,0.00338640525019427
1788331356.088423,0101,400.48,66.00,400.2452699518579,65.47142354337936,0.003526040969694557
1788331367.1572418,0101,400.42,66.00,400.1768352458231,65.47142354337937,0.0035393743030278898
1788331378.5564897,0101,401.16,66.00,400.1842708996886,65.47142354337936,0.0035679603067960987
1788331389.6449592,0101,400.25,66.00,400.14044106592905,65.47142354337937,0.003509570381459263
1788331400.7738445,0101,400.63,66.00,400.24185685661985,65.47142354337939,0.003526040969694558
1788331412.2871206,0101,400.19,66.00,400.1087811105275,65.47142354337934,0.003475284667173548
1788331423.7751362,0101,399.31,66.00,399.9154087928993,65.47142354337934,0.003325207756021389
1788331434.847149,0101,399.75,66.00,399.8565264604207,65.47142354337937,0.003386405250194271
1788331445.9459014,0101,400.09,67.00,400.06998629394053,65.62268822018123,0.003475284667173548
1788331457.4843967,0101,400.22,67.00,400.14044106592894,65.62268822018125,0.0035095703814592622
1788331468.5136483,0101,401.96,67.00,400.57595579712296,65.62268822018123,0.0035106763171754317
1788331479.9279368,0101,401.99,67.00,400.575955797123,65.62268822018125,0.0035106763171754317
1788331491.0235438,0101,401.49,67.00,400.15742637978224,65.62268822018123,0.0035106763171754317
1788331502.4037387,0101,400.35,67.00,400.1883908013788,65.62268822018123,0.0035393743030278906
1788331513.5014102,0101,400.41,67.00,400.17683524582327,65.62268822018123,0.0035393743030278898
1788331524.919212,0101,399.73,67.00,399.85652646042075,65.62268822018125,0.00338640525019427
1788331536.7153459,0101,398.48,67.00,399.75530721353834,65.62268822018123,0.0035469443332922413
1788331547.794307,0101,402.18,67.00,400.62101042233917,65.62268822018125,0.003521239686973682
1788331558.8758407,0101,399.57,67.00,399.72287634567726,65.62268822018123,0.003373071916860937
1788331569.9739757,0101,402.05,67.00,400.58617801934525,65.62268822018125,0.003482648825205264
1788331581.0482795,0101,400.39,67.00,400.1883908013787,65.62268822018123,0.0035393743030278898
1788331593.4293816,0101,401.66,67.00,400.2757402930996,65.62268822018123,0.0035106763171754312
1788331604.7749486,0101,401.95,67.00,400.57595579712296,65.62268822018125,0.0035106763171754312
1788331616.200234,0101,398.99,67.00,399.76199795858224,65.62268822018123,0.0033545904720707715
1788331628.5992815,0101,400.81,67.00,400.24073552561777,65.62268822018125,0.003526040969694556
1788331640.0695615,0101,401.40,67.00,400.1794332507512,65.62268822018123,0.0035476111830758145
1788331651.1565742,0101,399.84,67.00,400.04334270826456,65.62268822018125,0.0034110477698793096
1788331662.6417923,0101,398.36,67.00,399.74933619904556,65.62268822018123,0.003535944333292241
1788331673.7612393,0101,397.73,67.00,399.4082762922535,65.62268822018123,0.0035026109999589075
1788331684.8163335,0101,398.23,67.00,399.7435584212677,65.62268822018125,0.0035026109999589067
1788331695.8951237,0101,400.08,67.00,400.0699862939406,65.62268822018123,0.003475284667173548
1788331706.970467,0101,398.94,67.00,399.76368282448254,65.62268822018123,0.0033545904720707715
1788331718.0762827,0101,399.77,67.00,400.03400937493126,65.62268822018123,0.003397714436545976
1788331730.6928551,0101,401.38,67.00,400.1794332507511,65.62268822018123,0.003547611183075814
1788331743.0781126,0101,401.74,67.00,400.2934069597664,65.62268822018125,0.0035106763171754312
1788331754.2280426,0101,400.35,67.00,400.1883908013788,65.62268822018123,0.0035393743030278906
1788331765.6794672,0101,398.37,67.00,399.7493361990455,65.62268822018123,0.003535944333292241
1788331776.7163804,0101,399.15,67.00,399.76367889214146,65.62268822018123,0.003311874422688056
1788331787.7254107,0101,401.95,67.00,400.57595579712296,65.62268822018123,0.0035106763171754304
1788331798.8243134,0101,398.10,67.00,399.39498462558686,65.62268822018126,0.0035026109999589084
1788331810.1662426,0101,398.29,67.00,399.7435584212677,65.62268822018123,0.0035026109999589075
1788331821.2292657,0101,402.15,67.00,400.59713454315187,65.62268822018126,0.0034986590418123924
1788331832.2984922,0101,401.12,67.00,400.2259633616127,65.62268822018123,0.0035607993935319283
1788331843.405313,0101,398.93,67.00,399.7636828244826,65.62268822018123,0.0033545904720707715
1788331854.447715,0101,401.47,67.00,400.15742637978235,65.62268822018125,0.0035106763171754312
1788331865.8608692,0101,399.68,67.00,399.86751312708736,65.62268822018123,0.00338640525019427
1788331877.3522062,0101,399.03,67.00,399.7693312919156,65.62268822018123,0.003325207756021389
1788331888.4355764,0101,399.41,67.00,399.8438128333034,65.62268822018123,0.003326921404130386
1788331899.5070226,0101,400.42,67.00,400.1768352458231,65.62268822018123,0.0035393743030278906
1788331910.965192,0101,400.24,67.00,400.14044106592894,65.62268822018123,0.0035095703814592622
1788331922.0501523,0101,401.01,67.00,400.2141340304499,65.62268822018123,0.00353318034591288
1788331933.1425233,0101,398.49,67.00,399.7553072135383,65.62268822018126,0.0035469443332922413
1788331944.224974,0101,400.81,67.00,400.2407355256179,65.62268822018123,0.003526040969694558
1788331955.2918632,0101,399.01,67.00,399.7693312919156,65.62268822018123,0.0033252077560213885
1788331966.6558416,0101,400.41,67.00,400.1768352458232,65.62268822018125,0.003539374303027889
1788331977.708006,0101,400.59,67.00,400.247190189953,65.62268822018123,0.003526040969694557
1788331988.8827448,0101,399.75,67.00,399.8565264604207,65.62268822018126,0.00338640525019427
1788332000.341699,0101,401.25,67.00,400.1842708996886,65.62268822018125,0.003567960306796099
1788332011.7260492,0101,401.24,67.00,400.18427089968844,65.62268822018123,0.0035679603067960987
1788332022.8137665,0101,399.94,66.00,400.11166284203546,65.47142354337936,0.003449122094203634
1788332033.871401,0101,399.99,67.00,400.07823488098,65.62268822018123,0.003449122094203633
1788332045.8443432,0101,399.91,66.00,400.1116628420355,65.47142354337936,0.003449122094203634
1788332057.1679358,0101,397.83,66.00,399.40694295892,65.47142354337937,0.0035026109999589075
1788332068.6747062,0101,401.13,66.00,400.22596336161257,65.47142354337934,0.0035607993935319274
1788332080.1372242,0101,398.52,66.00,399.7553072135384,65.47142354337936,0.0034704737450569462
1788332091.663572,0101,400.42,66.00,400.17683524582316,65.47142354337937,0.0035393743030278906
1788332102.7415724,0101,398.74,66.00,399.759505133626,65.47142354337934,0.003393807078390281
1788332114.1686814,0101,398.62,66.00,399.7646098955307,65.47142354337937,0.003417140411723614
1788332125.2620306,0101,398.70,66.00,399.75950513362596,65.47142354337937,0.00339380707839028
1788332136.366059,0101,399.43,66.00,399.84381283330333,65.47142354337937,0.003326921404130386
1788332147.4115613,0101,401.93,66.00,400.45428013317337,65.47142354337937,0.0035106763171754312
1788332158.4838965,0101,398.14,66.00,399.39498462558674,65.4714235433794,0.0035026109999589075
1788332169.5206537,0101,397.69,66.00,399.40827629225345,65.47142354337937,0.0035026109999589084
1788332180.6111846,0101,401.33,66.00,400.1837150535028,65.47142354337937,0.003547611183075814
1788332191.706748,0101,398.53,66.00,399.7553072135383,65.47142354337937,0.003470473745056947
1788332202.7602391,0101,398.31,66.00,399.7493361990455,65.47142354337936,0.0035026109999589075
1788332214.5007849,0101,401.25,66.00,400.1842708996886,65.47142354337939,0.003567960306796099
1788332225.9387732,0101,397.64,66.00,399.40827629225333,65.47142354337936,0.0035026109999589075
1788332237.5425339,0101,398.29,66.00,399.74355842126784,65.47142354337936,0.0035026109999589075
1788332248.6100075,0101,398.69,66.00,399.7595051336259,65.47142354337936,0.003393807078390281
1788332259.7269068,0101,399.94,66.00,400.1116628420355,65.47142354337937,0.0034491220942036347
1788332270.762216,0101,398.75,66.00,399.75950513362596,65.47142354337934,0.00339380707839028
1788332281.8384633,0101,399.95,66.00,400.07823488098006,65.47142354337936,0.0034491220942036347
1788332292.9711642,0101,400.42,66.00,400.17683524582316,65.47142354337936,0.0035393743030278906
1788332304.030502,0101,399.31,66.00,399.9154087928993,65.47142354337936,0.003325207756021389
1788332316.7151055,0101,400.99,66.00,400.21413403045,65.47142354337937,0.003526040969694557
1788332327.7620795,0101,401.75,66.00,400.29340695976634,65.47142354337937,0.0035106763171754312
1788332339.1263058,0101,401.25,66.00,400.1842708996885,65.47142354337936,0.0035679603067960987
1788332350.3265874,0101,399.12,66.00,399.7636788921414,65.47142354337937,0.0033118744226880554
1788332361.5595567,0101,399.23,66.00,399.91879544225804,65.47142354337936,0.003311874422688055
1788332372.626624,0101,402.26,66.00,400.52919406873747,65.47142354337937,0.003521239686973682
1788332383.8257668,0101,399.79,66.00,400.0340093749313,65.47142354337936,0.003397714436545977
1788332394.90096,0101,401.32,66.00,400.18371505350285,65.47142354337934,0.0035476111830758145
1788332405.965254,0101,402.09,66.00,400.5938012098185,65.47142354337936,0.0034986590418123907
1788332417.3883612,0101,401.63,66.00,400.3214458486553,65.47142354337936,0.0035106763171754312
1788332428.4370282,0101,401.17,66.00,400.1842708996885,65.47142354337939,0.003567960306796099
1788332440.2473762,0101,397.95,66.00,399.40965129225344,65.47142354337937,0.0035026109999589067
1788332451.310987,0101,399.37,66.00,399.88947949997004,65.47142354337936,0.003326921404130386
1788332462.428548,0101,401.06,66.00,400.2259633616126,65.47142354337934,0.0035607993935319274
1788332473.9833372,0101,401.15,66.00,400.2259633616126,65.47142354337937,0.0035607993935319283
1788332485.0631402,0101,398.67,66.00,399.7595051336259,65.47142354337936,0.00339380707839028
1788332496.4593668,0101,398.97,66.00,399.76199795858224,65.47142354337937,0.0033545904720707715
1788332507.567511,0101,399.96,66.00,400.0782348809799,65.47142354337934,0.0034491220942036347
1788332519.0281339,0101,401.42,66.00,400.1794332507511,65.47142354337936,0.0035476111830758145
1788332530.0522206,0101,399.59,66.00,399.7228763456772,65.47142354337936,0.003373071916860937
1788332541.132039,0101,400.11,66.00,400.06865296060727,65.47142354337937,0.003475284667173549
1788332552.3099709,0101,399.96,66.00,400.07823488098,65.47142354337934,0.0034491220942036347
1788332563.7646027,0101,401.03,66.00,400.2141340304499,65.47142354337934,0.00353318034591288
1788332575.1683445,0101,401.31,66.00,400.18371505350285,65.47142354337936,0.0035476111830758145
1788332586.2116294,0101,398.34,66.00,399.7493361990457,65.47142354337934,0.0035026109999589075
1788332597.2871494,0101,399.70,66.00,399.8565264604207,65.47142354337934,0.00338640525019427
1788332608.3409452,0101,400.93,66.00,400.20588947231164,65.47142354337939,0.003526040969694556
1788332619.3969772,0101,399.52,66.00,399.7984729904302,65.47142354337936,0.0033135880707970524
1788332630.4918098,0101,401.93,66.00,400.45428013317326,65.47142354337937,0.0035106763171754317
1788332641.9220424,0101,400.75,66.00,400.2271068566196,65.47142354337936,0.0035260409696945562
1788332653.7560716,0101,399.06,66.00,399.7630122254748,65.47142354337936,0.0033118744226880554
1788332665.891622,0101,398.59,66.00,399.7639432288639,65.47142354337936,0.0034704737450569462
1788332676.9990509,0101,398.90,66.00,399.74634949114926,65.47142354337937,0.0033318631993434988
1788332688.4946177,0101,399.50,66.00,399.8475174348746,65.47142354337934,0.0033135880707970524
1788332699.5509663,0101,398.53,66.00,399.7553072135384,65.47142354337936,0.003470473745056947
1788332711.0683863,0101,399.88,66.00,400.1203295087022,65.47142354337937,0.0034427144365459764
1788332722.1558998,0101,398.91,66.00,399.7636828244826,65.47142354337936,0.0033545904720707707
1788332734.2417367,0101,402.13,66.00,400.5971345431518,65.47142354337937,0.0034986590418123924
1788332746.2316992,0101,398.58,66.00,399.76394322886404,65.47142354337937,0.003470473745056947
1788332757.6625977,0101,400.22,66.00,400.1404410659289,65.47142354337933,0.0035095703814592622
1788332769.7086575,0101,398.31,66.00,399.74933619904556,65.47142354337937,0.0035026109999589067
1788332781.090579,0101,398.04,66.00,399.4043179589201,65.47142354337937,0.0035026109999589084
1788332792.1486797,0101,402.29,66.00,400.5291940687375,65.47142354337934,0.003521239686973682
1788332803.3165214,0101,401.59,66.00,400.32144584865523,65.47142354337936,0.0035106763171754317
1788332814.7279336,0101,402.23,66.00,400.62101042233917,65.47142354337936,0.003521239686973683
1788332825.858415,0101,400.90,66.00,400.20588947231175,65.47142354337937,0.0035260409696945562
1788332837.3475215,0101,400.52,66.00,400.24526995185795,65.47142354337936,0.0035260409696945562
1788332848.4389074,0101,402.05,66.00,400.5861780193453,65.47142354337936,0.003482648825205264
1788332859.5253518,0101,401.51,66.00,400.16409304644895,65.47142354337937,0.0035106763171754312
1788332870.9442039,0101,398.41,66.00,399.74933619904556,65.47142354337937,0.003535944333292241
1788332882.0078275,0101,399.33,66.00,399.91540879289937,65.47142354337936,0.0033252077560213885
1788332893.1320813,0101,401.64,66.00,400.3214458486553,65.47142354337936,0.0035106763171754312
1788332904.7543938,0101,401.28,66.00,400.18204838683624,65.47142354337937,0.0035476111830758145
1788332916.2995682,0101,399.03,66.00,399.7693312919156,65.47142354337934,0.003325207756021389
1788332927.36936,0101,397.49,66.00,399.4082762922533,65.47142354337939,0.0035026109999589075
1788332938.433509,0101,399.33,66.00,399.91540879289937,65.47142354337934,0.0033252077560213885
1788332950.248035,0101,401.12,66.00,400.2259633616127,65.47142354337937,0.0035607993935319283
1788332961.3849788,0101,401.29,66.00,400.18204838683624,65.47142354337936,0.0035476111830758154
1788332972.5041544,0101,402.02,66.00,400.58617801934525,65.47142354337939,0.003482648825205265
1788332983.6552548,0101,401.59,66.00,400.32144584865523,65.47142354337939,0.0035106763171754312
1788332995.1012166,0101,400.34,66.00,400.16430746804537,65.47142354337939,0.0035393743030278906
1788333006.560434,0101,402.25,66.00,400.62101042233917,65.47142354337936,0.003521239686973683
1788333017.6000683,0101,399.02,66.00,399.76933129191553,65.47142354337934,0.003325207756021389
1788333028.9840403,0101,397.56,66.00,399.4082762922534,65.47142354337934,0.0035026109999589075
1788333040.1392627,0101,401.64,66.00,400.3214458486553,65.47142354337936,0.0035106763171754312
1788333051.276581,0101,400.27,66.00,400.16430746804525,65.47142354337939,0.003539374303027891
1788333062.3407133,0101,400.65,66.00,400.24185685661973,65.47142354337936,0.003526040969694558
1788333073.7677906,0101,401.60,66.00,400.32144584865523,65.47142354337939,0.0035106763171754312
1788333085.2358196,0101,401.62,66.00,400.3214458486553,65.47142354337934,0.0035106763171754312
1788333097.263626,0101,398.61,66.00,399.7646098955307,65.47142354337936,0.003417140411723613
1788333108.315254,0101,400.97,66.00,400.21413403044994,65.47142354337939,0.003526040969694557
1788333119.6984076,0101,401.51,66.00,400.16409304644895,65.47142354337937,0.0035106763171754317
1788333130.7550952,0101,401.87,66.00,400.45428013317337,65.47142354337936,0.0035106763171754325
1788333141.9733646,0101,401.07,66.00,400.2259633616126,65.47142354337939,0.0035607993935319274
1788333153.1121373,0101,398.85,66.00,399.7463494911493,65.47142354337936,0.0033318631993434983
1788333164.7991154,0101,399.89,66.00,400.1203295087022,65.47142354337934,0.0034427144365459755
1788333175.8546479,0101,400.28,66.00,400.1643074680453,65.47142354337936,0.0035393743030278906
1788333187.3101134,0101,400.61,66.00,400.2418568566198,65.47142354337939,0.0035260409696945562
1788333198.3464553,0101,399.68,66.00,399.86751312708725,65.47142354337934,0.0033864052501942697
1788333209.5403368,0101,397.40,66.00,399.4082762922535,65.47142354337937,0.0035026109999589084
1788333220.6002076,0101,398.51,66.00,399.7553072135384,65.47142354337937,0.0034704737450569462
1788333232.0102477,0101,400.17,66.00,400.10878111052756,65.47142354337936,0.003475284667173549
1788333243.1724567,0101,400.81,66.00,400.24073552561794,65.47142354337934,0.003526040969694557
1788333254.4885743,0101,400.69,66.00,400.2271068566198,65.47142354337939,0.003526040969694557
1788333265.8701315,0101,398.20,66.00,399.74355842126766,65.47142354337934,0.0035026109999589075
1788333277.2670093,0101,400.86,66.00,400.2058894723117,65.47142354337936,0.003526040969694557
1788333288.3338952,0101,400.67,66.00,400.22710685661974,65.47142354337936,0.0035260409696945562
1788333299.3755758,0101,400.99,66.00,400.21413403044994,65.47142354337936,0.0035260409696945562
1788333310.4465938,0101,399.06,66.00,399.7630122254748,65.47142354337937,0.003311874422688055
1788333322.5205107,0101,399.78,66.00,400.03400937493126,65.47142354337936,0.003397714436545976
1788333333.6594741,0101,400.93,66.00,400.20588947231175,65.47142354337934,0.0035260409696945562
1788333344.8023884,0101,398.81,66.00,399.7380645908644,65.47142354337934,0.00339380707839028
1788333355.9108572,0101,401.07,66.00,400.2259633616126,65.47142354337936,0.0035607993935319283
1788333366.9764538,0101,400.60,66.00,400.2531901899532,65.47142354337936,0.0035260409696945562
1788333378.3428574,0101,400.74,66.00,400.2271068566198,65.47142354337934,0.003526040969694556
1788333389.7484047,0101,399.29,65.00,399.95102716004413,64.97959642459622,0.0028520489847563765
1788333400.8530014,0101,399.63,66.00,399.72987634567727,65.47142354337934,0.003373071916860937
1788333411.9156644,0101,398.77,66.00,399.73806459086427,65.4714235433794,0.003393807078390279
1788333422.9824955,0101,401.27,66.00,400.1820483868362,65.4714235433794,0.003547611183075814
1788333434.0568004,0101,400.29,65.00,400.14849820294927,64.96736986088973,0.0031151143537498168
1788333445.1348858,0101,401.11,66.00,400.22596336161274,65.47142354337937,0.0035607993935319283
1788333456.249149,0101,400.69,65.00,400.20624997247603,64.96510763866752,0.0031017810204164832
1788333468.388359,0101,402.52,65.00,400.40863219298575,64.95726478395032,0.0030296634056539602
1788333479.9732666,0101,399.73,66.00,399.8565264604207,65.47142354337934,0.003386405250194271
1788333491.063508,0101,399.81,65.00,400.0452935842619,64.96975389425074,0.0029668859591006186
1788333502.1563034,0101,402.15,65.00,400.5812456542629,64.96225188050104,0.0030743990925343177
1788333513.6898952,0101,398.67,65.00,399.81258381823113,64.97552086904066,0.0029339816404586007
1788333524.7703097,0101,398.03,65.00,399.41766198744057,64.97552086904071,0.0030630023474096995
1788333535.816085,0101,399.48,65.00,399.8858024686861,64.96975389425076,0.002853762632865373
1788333546.869411,0101,399.51,65.00,399.84875802424165,64.96975389425079,0.0028537626328653735
1788333557.9729545,0101,398.43,65.00,399.7862064180423,64.97552086904068,0.003096335680743033
1788333569.0741308,0101,400.52,65.00,400.2244130677142,64.96510763866746,0.0031017810204164832
1788333580.2076263,0101,399.11,65.00,399.8244242434132,64.9755208690407,0.0028520489847563757
1788333591.2224116,0101,398.12,65.00,399.4083286541073,64.97552086904066,0.0030630023474097
1788333602.6527967,0101,399.84,65.00,400.04529358426197,64.96975389425076,0.0029668859591006186
1788333613.7825968,0101,399.43,65.00,399.8820978671149,64.96975389425077,0.002867095966198706
1788333625.2153115,0101,400.96,65.00,400.2019438129729,64.96703249373992,0.0031017810204164832
1788333636.2904837,0101,398.37,65.00,399.78620641804224,64.97552086904068,0.0030963356807430327
1788333647.8449497,0101,400.61,65.00,400.22099997247597,64.9651076386675,0.0031017810204164837
1788333659.123598,0101,397.92,65.00,399.4062762922534,64.97552086904065,0.0030630023474097
1788333670.546167,0101,400.38,65.00,400.1675339172349,64.96510763866746,0.003115114353749817
1788333681.6607645,0101,401.92,65.00,400.4249892509289,64.96225188050103,0.0030864163678973582
1788333692.712255,0101,399.39,65.00,399.9277645337815,64.9728035674534,0.0028670959661987066
1788333704.385329,0101,402.39,65.00,400.4373129217413,64.95726478395036,0.0030739201344324282
1788333730.5743804,0101,401.00,65.00,400.20194381297284,64.96703249373994,0.0031017810204164832
1788333742.1931567,0101,401.52,65.00,400.14523616230514,64.9639104312257,0.003086416367897358
1788333753.3058448,0101,400.43,65.00,400.15597836167944,64.96510763866746,0.003115114353749817
1788333765.8993933,0101,398.70,65.00,399.8125838182311,64.97552086904071,0.0029339816404586002
1788333776.9859083,0101,398.22,65.00,399.78042864026446,64.9755208690407,0.0030630023474097
1788333788.3413146,0101,398.74,65.00,399.8125838182311,64.9755208690407,0.0029339816404586007
1788333799.3763113,0101,401.99,65.00,400.56006690823415,64.96225188050104,0.003086416367897358
1788333811.4338696,0101,401.30,65.00,400.1698581693591,64.96391043122567,0.0031233512337977415
1788333822.5602949,0101,401.64,65.00,400.2912043491269,64.96391043122568,0.003086416367897358
1788333833.6532521,0101,398.83,65.00,399.79114327546955,64.97552086904068,0.0029339816404586007
1788333844.7057183,0101,401.18,65.00,400.17208068221146,64.96391043122571,0.0031437003575180257
1788333856.0543914,0101,399.77,65.00,400.03596025092867,64.96975389425077,0.0029535526257672856
1788333867.438431,0101,401.12,65.00,400.2137731441356,64.96391043122566,0.0031365394442538544
1788333878.498667,0101,400.90,65.00,400.185032588168,64.96510763866752,0.0031017810204164832
1788333889.917456,0101,401.50,65.00,400.14523616230525,64.9639104312257,0.0030864163678973582
1788333901.0603821,0101,401.15,65.00,400.2137731441356,64.96391043122566,0.0031365394442538544
1788333913.3986173,0101,402.33,65.00,400.4840385131819,64.95726478395032,0.00308553851220877
1788333924.512042,0101,398.63,65.00,399.8014801145274,64.9755208690407,0.0029573149737919338
1788333935.5811007,0101,397.42,65.00,399.4082762922535,64.97552086904071,0.0030630023474096995
1788333946.6915598,0101,399.44,65.00,399.8820978671149,64.96975389425074,0.0028670959661987066
1788333957.8304775,0101,401.54,65.00,400.1452361623052,64.96391043122567,0.0030864163678973587
1788333969.1221652,0101,398.33,65.00,399.7862064180423,64.97552086904068,0.0030630023474097
1788333980.1629107,0101,400.72,65.00,400.20624997247603,64.96510763866748,0.0031017810204164837
1788333991.210401,0101,399.57,65.00,399.7731613794888,64.96975389425076,0.002928910106082246
1788334003.2795036,0101,402.01,65.00,400.57028913045633,64.96225188050103,0.0030583888759271906
1788334015.013979,0101,399.41,65.00,399.8820978671149,64.96975389425079,0.002867095966198706
1788334026.4308405,0101,401.56,65.00,400.30836674228925,64.96391043122568,0.0030864163678973582
1788334037.5493238,0101,401.35,65.00,400.16724303327413,64.96391043122567,0.0031233512337977415
1788334048.912409,0101,399.70,65.00,399.8987614942322,64.96975389425076,0.002942243439415579
1788334060.3177013,0101,398.18,65.00,399.6485866054323,64.9755208690407,0.0030630023474096995
1788334071.425325,0101,399.49,65.00,399.8858024686861,64.96975389425076,0.0028537626328653727
1788334082.8342574,0101,398.66,65.00,399.81258381823113,64.97552086904066,0.0029339816404586007
1788334093.9027483,0101,399.93,65.00,400.09518691027273,64.96975389425079,0.0030117471826961433
1788334105.5025296,0101,401.39,65.00,400.1672430332741,64.9639104312257,0.003123351233797741
1788334116.8705482,0101,399.30,65.00,399.9510271600442,64.97959642459625,0.002852048984756376
1788334128.4781044,0101,401.36,65.00,400.16724303327413,64.96391043122571,0.0031233512337977406
1788334139.7739525,0101,401.33,65.00,400.1735248360259,64.96391043122566,0.003123351233797741
1788334151.1530595,0101,399.34,65.00,399.95369382671083,64.97959642459622,0.0028653823180897096
1788334162.2166286,0101,401.84,65.00,400.27460429245997,64.96225188050109,0.003086416367897358
1788334173.410745,0101,400.10,65.00,400.0528436955112,64.96975389425076,0.0030510247178954755
1788334184.4315164,0101,400.68,65.00,400.20624997247614,64.96510763866748,0.0031017810204164832
1788334195.6718767,0101,399.18,68.00,399.7823398867024,66.25984397114,0.0033118744226880554
1788334206.7802296,0101,401.03,70.00,400.2141340304499,67.14399825396822,0.0035331803459128816
1788334218.099052,0101,398.90,66.00,399.7463494911494,65.47142354337936,0.0033318631993434983
1788334229.4977274,0101,399.35,66.00,399.88947949997004,65.47142354337939,0.0033269214041303855
1788334242.2628646,0101,401.62,66.00,400.3214458486553,65.47142354337936,0.0035106763171754312
1788334253.3134317,0101,398.51,66.00,399.7553072135384,65.47142354337936,0.003470473745056948
1788334264.4392328,0101,400.05,65.00,400.04989228255056,64.96975389425074,0.0030248621449255613
1788334275.6229374,0101,399.61,65.00,399.78016137948873,64.96975389425079,0.0029289101060822453
1788334286.6732614,0101,402.09,65.00,400.5779123209296,64.96225188050106,0.003074399092534318
1788334298.174658,0101,401.35,65.00,400.16724303327413,64.96391043122567,0.0031233512337977415
1788334309.2979314,0101,398.54,65.00,399.792177432535,64.97552086904071,0.003010648307125268
1788334320.355388,0101,398.93,64.00,400.0128965557625,64.58436818931443,0.0029958756960706944
1788334331.701444,0101,398.24,64.00,399.9671970284076,64.58436818931442,0.003177446342674635
1788334343.1007593,0101,400.47,64.00,400.1106409547091,64.58436818931446,0.003189530622792439
1788334354.2690022,0101,401.62,65.00,400.29120434912693,64.96391043122566,0.003086416367897358
1788334365.682272,0101,398.65,64.00,400.00172362681064,64.58436818931442,0.0030584256357235355
1788334376.760676,0101,399.61,64.00,399.8727358441528,64.58436818931445,0.0030297437117367924
1788334388.8337593,0101,400.86,64.00,400.08348122252374,64.58436818931443,0.0031895306227924386
1788334399.8665652,0101,400.92,64.00,400.08348122252374,64.58436818931443,0.0031895306227924386
1788334410.9820251,0101,401.33,64.00,400.0513745928479,64.58920870060828,0.0032111008361736964
1788334422.0343516,0101,400.42,64.00,400.06709111410436,64.5843681893144,0.003202863956125772
1788334433.1128953,0101,398.92,64.00,400.0128965557625,64.58436818931442,0.0029958756960706935
1788334444.1931062,0101,398.36,64.00,399.97297480618556,64.58436818931443,0.0032107796760079675
1788334455.33674,0101,400.07,64.00,400.0258856224436,64.58436818931443,0.00313877432027143
1788334467.1963232,0101,398.79,64.00,399.98194498881105,64.58436818931442,0.003035092302390203
1788334479.002365,0101,398.79,64.00,399.9819449888111,64.58436818931445,0.003035092302390203
1788334493.7182012,0101,402.01,64.00,400.5896760942484,64.59234530191546,0.0031350520585500595
1788334504.8270128,0101,397.95,64.00,399.56442087632945,64.5843681893144,0.003177446342674635
1788334515.9202642,0101,399.35,64.00,399.99336915717583,64.58436818931442,0.002967929571853252
1788334527.0164962,0101,401.62,64.00,400.11018974673357,64.59234530191544,0.0031741659702733136
1788334538.1365676,0101,400.73,64.00,400.1041332579809,64.58436818931443,0.003189530622792439
1788334549.1941175,0101,399.48,64.00,399.9797102666836,64.5843681893144,0.0029545962385199185
1788334580.4053125,0101,400.32,64.00,400.0928951120275,64.58436818931443,0.003202863956125772
1788334591.445183,0101,399.13,64.00,400.02073257051137,64.58436818931442,0.002953159646687978
1788334602.8900404,0101,398.32,64.00,399.9729748061857,64.58436818931442,0.0031774463426746348
1788334614.2905853,0101,400.05,64.00,400.0037913523402,64.58436818931442,0.003112362417246773
1788334625.3220944,0101,399.03,63.00,399.89264556101915,64.22705105840079,0.002786605372197284
1788334636.3616173,0101,401.96,63.00,400.5377822501421,64.21745018488448,0.0029764762564216895
1788334647.7499945,0101,400.57,63.00,400.308847442625,64.2270510584008,0.003012143014968411
1788334659.1245933,0101,400.20,63.00,400.2596614983836,64.22705105840078,0.002995672426733117
1788334670.8545887,0101,398.75,63.00,399.7948247166417,64.22705105840078,0.002888538027899508
1788334682.2613215,0101,400.67,63.00,400.2791988919003,64.22702946021016,0.0030029273286939014
1788334693.3277159,0101,397.87,63.00,399.36562717666794,64.22705105840078,0.0030333920681839405
1788334704.6941745,0101,401.24,63.00,400.21370202257634,64.22702946021015,0.003058179999128777
1788334715.6999137,0101,401.43,63.00,400.14179724390476,64.21791819786095,0.0030244975420751588
1788334729.8788128,0101,399.67,63.00,399.9627882467349,64.22705105840078,0.0028631894372460973
1788334741.25895,0101,402.28,63.00,400.4910570276074,64.21725665511467,0.0030445836278116343
1788334752.603736,0101,400.15,63.00,400.19754482361446,64.22705105840078,0.0029613867124474026
1788334763.6962643,0101,399.42,63.00,399.8814400191822,64.22705105840076,0.002801375297362558
1788334774.7734377,0101,401.54,63.00,400.12256815071356,64.21791819786098,0.0029875626761747755
1788334786.0479364,0101,400.28,63.00,400.2672209798651,64.22705105840078,0.0030254763483017443
1788334797.130405,0101,399.41,63.00,399.8814400191822,64.22705105840078,0.002801375297362558
1788334808.1404464,0101,400.78,63.00,400.28013994828575,64.22702946021016,0.0030029273286939014
1788334819.8359497,0101,398.72,63.00,399.7948247166416,64.22705105840078,0.002888538027899508
1788334830.8835049,0101,398.01,63.00,399.38101092935324,64.22705105840078,0.0030333920681839405
1788334841.9141881,0101,400.37,63.00,400.2548058708308,64.22705105840076,0.0030254763483017447
1788334854.3311045,0101,401.46,63.00,400.12256815071356,64.21791819786094,0.0029875626761747755
1788334865.4117048,0101,402.15,63.00,400.5402629304939,64.21535557907535,0.0030236271558789986
1788334876.504176,0101,398.86,63.00,399.8563685221577,64.22705105840078,0.002826594148852727
1788334887.8942773,0101,400.98,63.00,400.2770646669378,64.22702946021016,0.003002927328693901
1788334899.0148091,0101,399.26,63.00,399.93320264544485,64.22705105840078,0.0027729949825868938
1788334910.394245,0101,400.23,63.00,400.25966149838354,64.22705105840076,0.002995672426733117
1788334921.5195048,0101,398.14,63.00,399.3716775960198,64.22705105840079,0.0030333920681839405
1788334932.6030242,0101,400.91,63.00,400.2583468564432,64.22702946021018,0.003002927328693901
1788334943.6735687,0101,401.42,63.00,400.14179724390465,64.21791819786094,0.0030244975420751588
1788334954.7075458,0101,398.74,63.00,399.7948247166417,64.22705105840079,0.002888538027899508
1788334965.866555,0101,399.44,63.00,399.88144001918226,64.22705105840078,0.002801375297362558
1788334977.2582402,0101,400.08,63.00,400.19887815694784,64.22705105840078,0.0029613867124474026
1788334988.311642,0101,402.24,63.00,400.5579101893053,64.21535557907535,0.003059908187753886
1788334999.3840978,0101,399.85,63.00,400.2652618722845,64.22705105840078,0.0029262855228690044
1788335010.4627624,0101,400.95,63.00,400.27706466693763,64.22702946021016,0.003002927328693902
1788335021.5227673,0101,398.36,63.00,399.74995128721315,64.22705105840079,0.003066725401517274
1788335032.5636885,0101,401.99,63.00,400.5377822501421,64.21745018488447,0.0029764762564216895
1788335045.283854,0101,398.10,63.00,399.3716775960199,64.22705105840078,0.0030333920681839405
1788335056.3313513,0101,398.00,63.00,399.3877754981178,64.22705105840078,0.0030333920681839405
1788335067.3632686,0101,397.78,63.00,399.3669605100012,64.22705105840079,0.0030333920681839405
1788335078.423839,0101,401.28,63.00,400.1843391476665,64.21791819786097,0.003024497542075159
1788335090.2300234,0101,399.03,63.00,399.89264556101915,64.22705105840078,0.0027866053721972844
1788335101.2999794,0101,397.99,63.00,399.3877754981177,64.22705105840078,0.0030333920681839405
1788335112.7398763,0101,399.12,63.00,399.9082592377611,64.22705105840078,0.002786605372197284
1788335123.8896365,0101,398.61,63.00,399.79266359990174,64.22705105840078,0.0029118713612328417
1788335135.229038,0101,401.75,63.00,400.12336136718807,64.21601685155116,0.002987562676174776
1788335146.310514,0101,399.32,63.00,399.93320264544485,64.22705105840078,0.0027863283159202277
1788335157.396344,0101,401.90,63.00,400.3717212131727,64.21745018488451,0.0029764762564216895
1788335168.768505,0101,398.40,63.00,399.74995128721315,64.22705105840078,0.003066725401517273
1788335179.8563058,0101,399.46,63.00,399.8713603913628,64.22705105840078,0.0027880419640292243
1788335191.307701,0101,401.62,63.00,400.1662340258044,64.21791819786095,0.0029875626761747755
1788335202.7010984,0101,401.27,63.00,400.1843391476665,64.21791819786098,0.003024497542075159
1788335213.7674074,0101,401.46,63.00,400.12256815071356,64.21791819786095,0.0029875626761747755
1788335225.2569199,0101,401.23,63.00,400.21370202257634,64.22702946021019,0.0030581799991287774
1788335236.3320973,0101,401.28,63.00,400.18433914766655,64.21791819786095,0.0030244975420751588
1788335248.5150836,0101,400.40,63.00,400.2548058708308,64.22705105840078,0.0030254763483017447
1788335259.9274306,0101,402.36,63.00,400.4476364866718,64.21725665511467,0.0030329652500352936
1788335270.9809916,0101,400.13,63.00,400.19754482361446,64.22705105840079,0.0029613867124474026
1788335282.3610363,0101,401.07,63.00,400.26145449532277,64.22702946021016,0.003051019085864606
1788335293.3885453,0101,401.95,63.00,400.5377822501421,64.21745018488446,0.0029764762564216895
1788335305.8028631,0101,401.04,63.00,400.2770646669377,64.22702946021019,0.0030100667049122246
1788335316.8526468,0101,401.93,63.00,400.37172121317275,64.21745018488448,0.0029764762564216886
1788335328.1229982,0101,399.49,63.00,399.8713603913628,64.22705105840078,0.0027880419640292247
1788335339.6116078,0101,398.40,63.00,399.7499512872131,64.22705105840078,0.0030667254015172736
1788335350.982461,0101,398.06,63.00,399.37167759601977,64.22705105840079,0.00303339206818394
1788335362.373127,0101,399.81,63.00,400.1291866072411,64.22705105840076,0.0028878319569311368
1788335373.7817693,0101,401.42,63.00,400.1417972439047,64.21791819786098,0.003024497542075159
1788335384.8340185,0101,398.67,63.00,399.7948247166416,64.22705105840078,0.0028885380278995086
1788335395.9659233,0101,399.00,63.00,399.8819788943525,64.22705105840079,0.0028159880882466662
1788335407.4073775,0101,398.34,63.00,399.74995128721315,64.22705105840076,0.0030333920681839405
1788335418.7838564,0101,398.76,63.00,399.83387977893204,64.22705105840079,0.002888538027899508
1788335429.817637,0101,400.63,63.00,400.3035141092917,64.22705105840079,0.003012143014968411
1788335440.8632936,0101,398.69,63.00,399.7948247166416,64.22705105840078,0.002888538027899508
1788335451.9450889,0101,401.28,63.00,400.1843391476665,64.21791819786095,0.0030244975420751588
1788335462.9899194,0101,398.75,63.00,399.79482471664176,64.22705105840078,0.002888538027899508
1788335474.026953,0101,400.86,63.00,400.2583468564432,64.22702946021016,0.003002927328693901
1788335485.0759964,0101,399.81,63.00,400.129186607241,64.22705105840076,0.0028878319569311368
1788335496.4927835,0101,399.02,63.00,399.8926455610192,64.22705105840073,0.0027866053721972836
1788335507.98535,0101,401.99,63.00,400.53778225014196,64.21745018488448,0.002976476256421689
1788335519.410744,0101,401.51,63.00,400.12256815071356,64.21791819786093,0.002987562676174776
1788335530.452351,0101,400.92,63.00,400.25834685644327,64.22702946021019,0.003002927328693902
1788335541.8922248,0101,398.03,63.00,399.38101092935324,64.22705105840079,0.0030333920681839405
1788335553.0289867,0101,399.42,63.00,399.88144001918226,64.22705105840078,0.0028013752973625574
1788335564.4445393,0101,401.28,63.00,400.18433914766655,64.21791819786095,0.003024497542075159
1788335575.48793,0101,400.01,63.00,400.18233312926856,64.22705105840078,0.0029458081427560794
1788335586.535487,0101,398.95,63.00,399.8719788943525,64.22705105840078,0.0028159880882466662
1788335597.620956,0101,402.03,63.00,400.537782250142,64.21535557907535,0.002985542781545539
1788335608.6620517,0101,400.29,63.00,400.2672209798651,64.2270510584008,0.0030254763483017443
1788335620.0284643,0101,398.96,63.00,399.8819788943526,64.22705105840078,0.002815988088246666
1788335631.38448,0101,400.14,63.00,400.19754482361446,64.22705105840078,0.0029613867124474026
1788335642.403201,0101,398.86,63.00,399.85636852215777,64.22705105840078,0.002826594148852727
1788335654.4632683,0101,400.44,62.00,400.33020779989715,63.782846076625695,0.003039690005454297
1788335665.4913206,0101,398.69,62.00,399.76569838700186,63.79000322748345,0.0028981734407565237
1788335676.9122314,0101,401.63,62.00,400.16874289731186,63.78469534407497,0.0030437905643070765
1788335687.9704678,0101,400.93,62.00,400.34673631248376,63.78608311366274,0.0030171409858464537
1788335699.8368359,0101,399.20,62.00,399.90066613443446,63.79838543658718,0.002767551030364544
1788335710.9054198,0101,400.66,62.00,400.3810082283741,63.78284607662572,0.0030171409858464537
1788335722.0112815,0101,399.15,62.00,399.8798276117835,63.79791876992052,0.0027811614199749336
1788335733.0701783,0101,401.20,62.00,400.2330589360166,63.78843406461368,0.0030774730213606947
1788335744.1268184,0101,402.00,62.00,400.4318358420564,63.775508588339775,0.00303270414455399
1788335755.487858,0101,399.01,62.00,399.85577533855036,63.79791876992052,0.0027811614199749336
1788335766.8981013,0101,398.86,62.00,399.81949829968886,63.79791876992051,0.0028211501966303766
1788335777.953546,0101,400.19,62.00,400.3225108794559,63.786429633321035,0.0029622670362666223
1788335790.4091978,0101,402.45,63.00,400.45543895436265,64.21725665511468,0.0030020418545901586
1788335801.4343479,0101,399.13,62.00,399.8798276117835,63.79791876992049,0.002781161419974933
1788335812.5000956,0101,398.37,62.00,399.7158249575733,63.78964322748349,0.0030849719254853994
1788335823.5069184,0101,399.54,62.00,399.8146620987185,63.7974076588094,0.0027825980118068748
1788335834.5829382,0101,397.81,62.00,399.33746366945485,63.79962338523237,0.003051638592152067
1788335845.9489424,0101,401.39,62.00,400.164931935123,63.78469534407496,0.0030437905643070765
1788335857.3168132,0101,397.75,62.00,399.33879700278817,63.79962338523232,0.0030516385921520663
1788335868.6813414,0101,400.02,62.00,400.2630848899849,63.786429633321035,0.0029380773554641866
1788335879.7636175,0101,401.52,62.00,400.14570284193167,63.78469534407495,0.003043790564307077
1788335891.1850386,0101,398.02,62.00,399.3528474221401,63.799623385232344,0.0030516385921520663
1788335902.1958647,0101,401.66,62.00,400.1082035720289,63.78228303638267,0.003043790564307077
1788335913.2204642,0101,398.81,62.00,399.80678733424105,63.79791876992049,0.002898173440756523
1788335924.2705498,0101,398.52,62.00,399.73038168635185,63.79000322748348,0.0029992845518676346
1788335935.6470232,0101,401.59,62.00,400.18590529047424,63.78469534407497,0.003043790564307076
1788335947.02726,0101,402.07,62.00,400.39418790920854,63.775508588339775,0.0030996391195848485
1788335958.401149,0101,400.19,62.00,400.32251087945593,63.786429633321035,0.002962267036266622
1788335969.8183827,0101,400.37,62.00,400.343596688786,63.782846076625695,0.003039690005454297
1788335980.8842044,0101,401.78,62.00,400.154762082438,63.78228303638265,0.0030327041445539905
1788335991.9845653,0101,400.68,62.00,400.3810082283742,63.782846076625695,0.0030171409858464546
1788336003.3998725,0101,398.74,62.00,399.76569838700186,63.79000322748347,0.0028981734407565233
1788336015.7403846,0101,398.89,62.00,399.8194982996889,63.79791876992053,0.0028211501966303766
1788336027.045853,0101,398.65,62.00,399.7635372702619,63.79000322748348,0.0029215067740898572
1788336038.4656444,0101,400.74,62.00,400.38100822837424,63.78284607662571,0.0030171409858464533
1788336049.8801014,0101,402.13,62.00,400.39752124254187,63.77550858833979,0.003099639119584849
1788336061.942998,0101,399.60,62.00,399.75578640634666,63.79539509842294,0.0028587919832875393
1788336072.9954383,0101,401.23,64.00,400.0618442808416,64.58920870060828,0.003244783293227315
1788336084.0754085,0101,398.47,73.00,399.75530721353834,68.19616777777784,0.0035002776666255746
1788336095.0847554,0101,399.50,79.00,399.8475174348746,70.26062388888879,0.003233588070797053
1788336106.4584944,0101,398.22,70.00,399.74355842126784,67.14399825396822,0.0035026109999589075
1788336117.5576034,0101,399.19,66.00,399.7823398867024,65.47142354337934,0.003311874422688055
1788336128.5873182,0101,400.14,65.00,400.05284369551117,64.9673698608897,0.003051024717895475
1788336140.0068424,0101,398.35,65.00,399.7862064180423,64.97552086904068,0.0030963356807430327
1788336152.0464938,0101,399.04,65.00,399.8300766431874,64.97552086904068,0.0028653823180897087
1788336163.462933,0101,400.61,64.00,400.12178180870563,64.58436818931443,0.003189530622792439
1788336175.6326506,0101,402.34,64.00,400.5722486658091,64.59234530191544,0.003168951292615719
1788336186.7110448,0101,399.88,64.00,400.0867200953561,64.5843681893144,0.0030928397973596987
1788336198.3545184,0101,399.49,64.00,399.9797102666836,64.58436818931442,0.0029545962385199185
1788336209.4632635,0101,400.18,63.00,400.22800154298216,64.22705105840076,0.002961386712447402
1788336220.529382,0101,401.07,63.00,400.2614544953229,64.22702946021016,0.0030510190858646057
1788336232.0525928,0101,400.24,63.00,400.25966149838354,64.22705105840075,0.002995672426733117
1788336243.127644,0101,401.34,63.00,400.18322803655536,64.21791819786095,0.0030244975420751588
1788336254.366026,0101,400.37,63.00,400.2548058708306,64.22705105840078,0.0030254763483017443
1788336269.4269917,0101,401.43,63.00,400.1417972439047,64.21791819786097,0.003024497542075159
1788336280.528313,0101,398.90,63.00,399.85636852215765,64.22705105840078,0.002826594148852727
1788336292.2778232,0101,402.18,63.00,400.5484657448609,64.21535557907534,0.0030599081877538854
1788336303.6985512,0101,398.41,63.00,399.7499512872131,64.22705105840079,0.0030667254015172736
1788336315.7095718,0101,401.03,63.00,400.2770646669377,64.22702946021018,0.0030100667049122246
1788336326.7893326,0101,399.28,63.00,399.9332026454448,64.22705105840078,0.0027729949825868938
1788336339.5620027,0101,399.57,63.00,399.7679335878797,64.22705105840078,0.0028631894372460978
1788336351.4640646,0101,399.24,63.00,399.927597760412,64.22705105840076,0.0027729949825868933
1788336362.517898,0101,398.60,63.00,399.79266359990174,64.22705105840079,0.002945204694566175
1788336373.6139936,0101,400.58,63.00,400.30884744262505,64.22705105840078,0.003012143014968411
1788336385.0043554,0101,401.71,63.00,400.1233613671881,64.21601685155115,0.002987562676174776
1788336396.7283025,0101,402.14,63.00,400.5402629304938,64.21535557907535,0.0030236271558789986
1788336408.2045755,0101,400.64,63.00,400.30351410929165,64.22705105840078,0.0030121430149684107
1788336420.5418122,0101,401.90,63.00,400.3717212131728,64.21745018488447,0.002976476256421689
1788336431.638475,0101,401.86,63.00,400.3717212131727,64.21745018488446,0.0029764762564216895
1788336443.0726588,0101,400.66,62.00,400.381008228374,63.782846076625695,0.0030171409858464537
1788336454.7476625,0101,399.55,63.00,399.83764928025175,64.22705105840078,0.0027880419640292243
1788336466.2486176,0101,400.08,62.00,400.2933874934216,63.786429633321056,0.0029622670362666214
1788336477.3024704,0101,399.20,63.00,399.927597760412,64.22705105840082,0.0027729949825868938
1788336488.630987,0101,399.73,62.00,400.0270895481139,63.786429633321035,0.0028587919832875385
1788336499.720676,0101,400.58,62.00,400.4106567790987,63.782846076625695,0.0030263566721209635
1788336511.8005278,0101,398.16,62.00,399.5587968064275,63.78964322748348,0.0030516385921520663
1788336523.2116177,0101,397.56,62.00,399.3387970027881,63.799623385232344,0.0030516385921520667
1788336534.291061,0101,401.35,62.00,400.1649319351229,63.78469534407497,0.003043790564307077
1788336545.9645128,0101,399.33,62.00,399.914548797245,63.79838543658718,0.0027808843636978765
1788336557.3887787,0101,399.11,62.00,399.8798276117835,63.797918769920486,0.0027811614199749336
1788336568.7686849,0101,400.36,62.00,400.34359668878596,63.78284607662572,0.003039690005454297
1788336579.8804133,0101,400.20,62.00,400.34711898300554,63.786429633321035,0.002996552750552336
1788336591.9372694,0101,401.93,62.00,400.30158365224224,63.77550858833979,0.0030327041445539905
1788336604.6467981,0101,400.84,62.00,400.4021655990495,63.78608311366274,0.003017140985846454
1788336615.7871082,0101,399.81,62.00,400.22692018169215,63.786429633321056,0.002870101169639245
1788336627.1597803,0101,399.51,62.00,399.8146620987185,63.7974076588094,0.0027825980118068748
1788336638.2060716,0101,400.16,62.00,400.3225108794558,63.78642963332105,0.002962267036266622
1788336649.6107793,0101,401.05,62.00,400.280800536865,63.788434064613696,0.0030242803620647777
1788336660.695648,0101,400.54,62.00,400.3941825917687,63.78284607662571,0.0030263566721209635
1788336673.1334684,0101,397.48,62.00,399.3387970027881,63.79962338523236,0.003051638592152067
1788336684.9113467,0101,398.55,62.00,399.73038168635185,63.79000322748349,0.0029992845518676346
1788336696.3436334,0101,399.77,62.00,400.2175868483588,63.78642963332102,0.002870101169639245
1788336708.0937576,0101,398.31,62.00,399.7158249575734,63.78964322748345,0.0030516385921520667
1788336719.1416378,0101,400.99,62.00,400.2808005368649,63.78843406461371,0.003017140985846454
1788336730.56837,0101,401.11,62.00,400.27359044234237,63.788434064613696,0.0030703121080965234
1788336743.3368733,0101,399.22,62.00,399.9006661344344,63.798385436587196,0.0027675510303645447
1788336754.517211,0101,401.16,62.00,400.2330589360166,63.78843406461368,0.0030774730213606947
1788336765.6034992,0101,398.46,62.00,399.73038168635185,63.78964322748349,0.0030757551401029287
1788336776.6707585,0101,400.15,62.00,400.2920541600883,63.786429633321035,0.002962267036266622
1788336788.3779247,0101,400.69,62.00,400.381008228374,63.782846076625695,0.003017140985846454
1788336799.4313023,0101,401.55,62.00,400.1457028419318,63.78469534407497,0.003043790564307077
1788336810.9079664,0101,402.22,62.00,400.4062815429664,63.775508588339775,0.0031093123221992277
1788336822.0660372,0101,398.71,62.00,399.76569838700175,63.79000322748345,0.0028981734407565233
1788336833.19299,0101,399.65,62.00,399.76278640634666,63.79335267418052,0.0028587919832875385
1788336844.505653,0101,400.87,62.00,400.3467363124838,63.78608311366273,0.0030171409858464546
1788336855.9551384,0101,402.18,62.00,400.4062815429663,63.775508588339775,0.0031093123221992273
1788336867.126541,0101,398.55,62.00,399.73038168635185,63.79000322748349,0.0029992845518676346
1788336878.311502,0101,400.56,62.00,400.4106567790988,63.782846076625695,0.0030263566721209635
1788336889.6411347,0101,400.77,62.00,400.3769262828102,63.78608311366274,0.003017140985846454
1788336900.7920785,0101,401.58,62.00,400.1859052904741,63.78469534407498,0.003043790564307077
1788336911.966519,0101,402.52,62.00,400.30803125246536,63.775508588339775,0.0030381126557021674
1788336923.0354455,0101,400.47,62.00,400.3941825917688,63.78284607662571,0.003026356672120963
1788336934.0638523,0101,397.97,62.00,399.35961199090474,63.799623385232344,0.0030516385921520663
1788336945.1604795,0101,397.81,62.00,399.3374636694548,63.79962338523236,0.003051638592152067
1788336956.5493696,0101,398.12,62.00,399.3435140888067,63.79214358998995,0.0030516385921520663
1788336968.615999,0101,398.88,62.00,399.81949829968886,63.79791876992049,0.002821150196630377
1788336979.9905117,0101,398.09,62.00,399.34351408880684,63.792143589989934,0.0030516385921520667
1788336991.4216728,0101,401.08,62.00,400.27359044234225,63.788434064613675,0.0030703121080965234
1788337003.1551297,0101,399.60,62.00,399.7557864063466,63.79539509842295,0.0028587919832875385
1788337014.2160926,0101,401.85,62.00,400.30158365224224,63.782283036382665,0.0030327041445539905
1788337025.4171689,0101,400.64,62.00,400.4053234457654,63.782846076625695,0.003026356672120964
1788337036.7958946,0101,398.93,62.00,399.8421649663554,63.79791876992052,0.0028105441360243163
1788337048.3136728,0101,401.56,62.00,400.1859052904741,63.78469534407496,0.0030437905643070757
1788337060.2372117,0101,400.22,62.00,400.3471189830055,63.78642963332105,0.002996552750552337
1788337071.9633427,0101,401.40,62.00,400.1649319351228,63.78469534407498,0.0030437905643070765
1788337083.5222273,0101,399.87,62.00,400.3266802996674,63.78642963332105,0.002908554735577112
1788337094.594469,0101,398.52,62.00,399.73038168635173,63.79000322748347,0.002999284551867635
1788337105.68287,0101,398.25,62.00,399.7100471797956,63.78964322748348,0.0030516385921520667
1788337116.8143425,0101,399.17,62.00,399.90066613443446,63.798385436587196,0.0027675510303645443
1788337128.5261967,0101,400.38,62.00,400.3435966887859,63.782846076625695,0.0030396900054542966
1788337139.5900836,0101,399.17,62.00,399.9006661344344,63.798385436587196,0.002767551030364544
1788337151.1050107,0101,399.05,62.00,399.85577533855036,63.79791876992051,0.002781161419974933
1788337162.9727626,0101,401.96,62.00,400.4318358420564,63.7755085883398,0.00303270414455399
1788337174.106725,0101,400.64,62.00,400.40532344576536,63.782846076625695,0.003026356672120964
1788337185.456415,0101,401.13,62.00,400.2735904423423,63.788434064613675,0.003070312108096524
1788337196.6901572,0101,398.32,62.00,399.7158249575734,63.78964322748347,0.0030516385921520663
1788337207.805245,0101,399.08,62.00,399.87135142130734,63.79791876992053,0.002781161419974933
1788337218.8477912,0101,401.51,62.00,400.1457028419318,63.78469534407496,0.0030437905643070765
1788337229.8955066,0101,399.88,62.00,400.3266802996674,63.786429633321035,0.0029085547355771116
1788337240.9338827,0101,400.38,62.00,400.3435966887861,63.78284607662571,0.0030396900054542966
1788337253.993905,0101,399.59,62.00,399.7557864063466,63.79539509842295,0.0028587919832875385
1788337265.9455965,0101,401.77,62.00,400.1547620824379,63.78228303638264,0.0030327041445539905
1788337277.3865705,0101,398.91,62.00,399.84216496635554,63.79791876992052,0.002810544136024316
1788337288.5061445,0101,401.12,62.00,400.2735904423423,63.78843406461371,0.0030703121080965234
1788337300.8731775,0101,401.07,62.00,400.27359044234237,63.78843406461371,0.003070312108096524
1788337311.9244275,0101,400.65,62.00,400.40532344576536,63.782846076625695,0.003026356672120963
1788337323.1784546,0101,400.43,62.00,400.33020779989715,63.78284607662568,0.0030396900054542966
1788337334.9136345,0101,402.14,62.00,400.39752124254187,63.7755085883398,0.0030996391195848485
1788337346.0797374,0101,398.95,62.00,399.83510867188363,63.79791876992052,0.002810544136024316
1788337358.6369317,0101,401.83,62.00,400.15476208243797,63.782283036382665,0.00303270414455399
1788337369.7042496,0101,399.31,62.00,399.91454879724495,63.798385436587196,0.002780884363697877
1788337381.0954452,0101,399.71,62.00,400.02708954811396,63.786429633321035,0.002858791983287539
1788337392.2708194,0101,398.32,62.00,399.7158249575733,63.78964322748347,0.003051638592152067
1788337403.7167604,0101,401.43,62.00,400.16493193512304,63.78469534407495,0.003043790564307077
1788337414.7698803,0101,398.62,62.00,399.76353727026185,63.79000322748349,0.002921506774089857
1788337426.2725353,0101,400.75,62.00,400.38100822837407,63.782846076625695,0.003017140985846454
1788337437.3637278,0101,400.57,62.00,400.41065677909876,63.78284607662572,0.003026356672120964
1788337448.5471966,0101,399.77,62.00,400.21758684835885,63.786429633321035,0.002870101169639245
1788337459.5989888,0101,399.00,62.00,399.84510867188374,63.79791876992052,0.0028105441360243154
1788337471.378215,0101,398.48,62.00,399.7303816863519,63.78964322748348,0.0030757551401029287
1788337482.876594,0101,399.88,62.00,400.3266802996674,63.78642963332105,0.002908554735577112
1788337494.1202273,0101,398.69,62.00,399.7656983870017,63.79000322748347,0.0028981734407565233
1788337505.2072449,0101,397.33,62.00,399.33879700278817,63.79962338523234,0.0030516385921520663
1788337516.6800332,0101,401.46,62.00,400.1457028419317,63.78469534407498,0.003043790564307077
1788337528.7752795,0101,399.91,62.00,400.325865919136,63.78432052014593,0.013786573400664137
1788337540.6977513,0101,397.95,62.00,399.4209556946085,63.79614855777153,0.014068874641101665
1788337557.6134043,0101,399.25,62.00,399.92684081370135,63.79491060912638,0.0138361697571723
1788337569.8239267,0101,398.46,62.00,399.76161046614783,63.786168400022675,0.013973818815420985
1788337581.759929,0101,400.40,62.00,400.35453341936574,63.780736963450614,0.013548940749023467
1788337593.9658751,0101,400.20,62.00,400.3411490469185,63.78432052014595,0.013786060580151312
1788337606.760695,0101,399.30,62.00,399.9276834765119,63.79491060912637,0.013833329552280291
1788337619.468698,0101,399.41,62.00,399.87992085024933,63.793932831348585,0.013859043837994578
1788337631.5012326,0101,399.52,62.00,399.84848011131874,63.79393283134861,0.013835317342268082
1788337643.6916142,0101,400.12,62.00,400.28741755733466,63.78432052014595,0.013799393913484649
1788337655.584078,0101,398.87,62.00,399.84263766149553,63.79444394245971,0.01384228764335116
1788337667.8077428,0101,399.97,62.00,400.2683149538978,63.784320520145954,0.013786060580151315
1788337679.681083,0101,397.68,62.00,399.40414070649194,63.79614855777153,0.014102207974435
1788337691.5686655,0101,399.37,62.00,399.9012541835826,63.7939328313486,0.013859043837994571
1788337703.7255895,0101,398.18,62.00,399.63480717679795,63.78616840002267,0.01489554130776833
1788337715.9388566,0101,399.91,62.00,400.32586591913605,63.784320520145954,0.013786573400664132
1788337728.1434026,0101,401.23,62.00,400.221245453317,63.78645828477193,0.013257084053686235
1788337741.3544836,0101,399.03,62.00,399.8819500178173,63.79444394245971,0.013822287643351165
1788337754.2452137,0101,398.67,62.00,399.77084568531643,63.786528400022654,0.013926287643351166
1788337766.6157637,0101,400.84,62.00,400.3905247874409,63.78410733382098,0.013346533793114868
1788337778.4324827,0101,400.68,62.00,400.3649229723211,63.78073696345061,0.01338305060126624
1788337791.054062,0101,401.06,62.00,400.27268962592365,63.786458284771946,0.013263237899840082
1788337802.865759,0101,399.77,62.00,400.21890363665864,63.784320520145954,0.013785621019711751
1788337815.086047,0101,399.58,62.00,399.8023901332325,63.79192027096212,0.013824628121224472
1788337827.8576865,0101,401.50,62.00,400.16993249648715,63.78459979815133,0.013107291392354965
1788337840.3281476,0101,401.30,62.00,400.22425904899563,63.78645828477192,0.013188874419690744
1788337853.0750203,0101,399.63,62.00,399.8093901332325,63.789877846719705,0.013791348292439023
1788337865.5629568,0101,399.39,62.00,399.9012541835826,63.7939328313486,0.013859043837994571
1788337877.784502,0101,400.54,62.00,400.4002859890152,63.780736963450614,0.013502319477761992
1788337889.7153811,0101,400.35,62.00,400.3545334193657,63.780736963450614,0.013548940749023469
1788337902.019791,0101,398.76,62.00,399.8299266960476,63.79444394245971,0.013804509865573387
1788337914.1802938,0101,400.45,62.00,400.40028598901506,63.78073696345059,0.013502319477761994
1788337926.0239882,0101,400.66,62.00,400.36492297232115,63.78073696345061,0.01338305060126624
1788337938.2219152,0101,401.59,62.00,400.2100878562931,63.78459979815135,0.013114464388135556
1788337950.0369327,0101,401.05,62.00,400.27989972044634,63.78645828477192,0.013246861724595342
1788337961.9573596,0101,400.68,62.00,400.36492297232115,63.78073696345061,0.01338305060126624
1788337973.8515294,0101,401.50,62.00,400.16993249648704,63.78459979815132,0.013107291392354965
1788337986.1986887,0101,400.64,62.00,400.4048133231983,63.78073696345063,0.013494216703950856
1788337998.3159955,0101,401.64,62.00,400.1929254631307,63.78459979815133,0.013114464388135554
1788338010.3276403,0101,400.05,62.00,400.2564482872313,63.784320520145954,0.013786060580151312
1788338022.2755833,0101,400.95,62.00,400.27989972044634,63.78410733382099,0.013246861724595342
1788338034.3170416,0101,400.60,62.00,400.4161466565317,63.78073696345061,0.01349421670395086
1788338046.919191,0101,401.30,62.00,400.2242590489955,63.7864582847719,0.013188874419690749
1788338060.404894,0101,401.73,62.00,400.1323861378478,63.782187490459016,0.013074977208648373
1788338073.730965,0101,399.26,62.00,399.92768347651196,63.79491060912637,0.013833329552280293
1788338086.0174353,0101,402.22,62.00,400.5137330420944,63.775413042416126,0.012877677484540852
1788338099.2266033,0101,400.40,62.00,400.35453341936574,63.780736963450614,0.01354894074902346
1788338111.2343733,0101,400.44,62.00,400.3411445304768,63.78073696345059,0.013548940749023464
1788338123.10665,0101,399.56,62.00,399.8023901332325,63.791920270962144,0.013824628121224472
1788338135.910714,0101,399.96,62.00,400.2683149538978,63.78432052014597,0.013786060580151306
1788338147.8486388,0101,400.64,62.00,400.40481332319825,63.780736963450614,0.013494216703950856
1788338159.704455,0101,398.66,62.00,399.7708456853164,63.78652840002267,0.013926287643351168
1788338172.5057752,0101,400.12,62.00,400.28741755733466,63.78432052014597,0.013799393913484647
1788338184.36084,0101,399.57,62.00,399.80239013323245,63.791920270962144,0.013824628121224475
1788338196.4321065,0101,401.51,62.00,400.1699324964869,63.78459979815132,0.013107291392354963
1788338208.3859308,0101,399.34,62.00,399.9276834765119,63.794910609126404,0.013833329552280293
1788338220.8296306,0101,398.13,62.00,399.4021911258439,63.78866876252912,0.014895541307768339
1788338233.0376594,0101,398.67,62.00,399.7708456853163,63.78652840002264,0.013926287643351163
1788338245.4816778,0101,401.38,62.00,400.1891615896782,63.782719564233204,0.013107291392354965
1788338257.3478603,0101,401.80,62.00,400.1933867185322,63.78218749045904,0.01306729588148788
1788338269.3439515,0101,400.81,62.00,400.39052478744105,63.78410733382099,0.013346533793114868
1788338281.745168,0101,397.89,62.00,399.40280737315857,63.79614855777153,0.014068874641101665
1788338293.6233556,0101,400.17,62.00,400.31654094336886,63.784320520145954,0.013786060580151319
1788338305.5109775,0101,402.49,62.00,400.43370743437504,63.77541304241613,0.012782621041201703
1788338317.6760232,0101,400.55,62.00,400.4002859890152,63.78073696345061,0.013502319477761997
1788338329.5396895,0101,398.74,62.00,399.77084568531626,63.786528400022654,0.013926287643351166
1788338342.7732787,0101,399.69,62.00,400.05997876136536,63.78432052014595,0.013785621019711758
1788338355.150417,0101,398.97,62.00,399.8712833511506,63.79444394245973,0.013842287643351164
1788338367.0425227,0101,397.58,62.00,399.40414070649194,63.796148557771524,0.014102207974434998
1788338379.301671,0101,400.67,62.00,400.3649229723211,63.78073696345063,0.01338305060126624
1788338391.1983042,0101,399.80,62.00,400.2189036366586,63.78432052014595,0.013785621019711751
1788338403.0968106,0101,398.36,62.00,399.7576394516551,63.78616840002267,0.01407085585245803
1788338415.1764088,0101,399.00,62.00,399.8712833511506,63.79444394245971,0.013842287643351164
1788338427.5103872,0101,399.59,62.00,399.8023901332325,63.79192027096213,0.01382462812122447
1788338439.5493221,0101,400.66,62.00,400.3649229723211,63.78073696345061,0.01338305060126624
1788338452.4588604,0101,401.16,62.00,400.221245453317,63.78645828477192,0.013257084053686238
1788338464.7960763,0101,401.32,62.00,400.2231479378845,63.78271956423319,0.013188874419690744
1788338477.922941,0101,400.95,62.00,400.2798997204465,63.78410733382099,0.01324686172459534
1788338491.1146934,0101,398.66,62.00,399.7708456853163,63.786528400022675,0.013926287643351163
1788338503.9621425,0101,398.01,62.00,399.41152445917726,63.796148557771524,0.014115541307768327
1788338515.9937928,0101,399.65,62.00,399.8093901332325,63.789877846719705,0.013791348292439025
1788338527.9169042,0101,399.46,62.00,399.87777455576315,63.79393283134861,0.013835317342268082
1788338539.7326355,0101,398.87,62.00,399.8426376614954,63.794443942459715,0.01384228764335116
1788338551.944792,0101,400.69,62.00,400.3649229723211,63.78073696345063,0.013383050601266237
1788338563.824535,0101,402.04,62.00,400.4790280170127,63.77541304241615,0.012991126961497498
1788338576.322571,0101,401.85,62.00,400.37471789300986,63.78218749045904,0.013067295881487882
1788338588.8138692,0101,398.83,62.00,399.82992669604766,63.794443942459694,0.013804509865573382
1788338600.974498,0101,400.05,62.00,400.2564482872312,63.78432052014593,0.013786060580151315
1788338612.8804436,0101,400.07,62.00,400.288750890668,63.78432052014595,0.013799393913484644
1788338624.729174,0101,399.40,62.00,399.9012541835826,63.79393283134858,0.013859043837994578
1788338636.8280041,0101,400.19,62.00,400.31654094336886,63.78432052014595,0.013786060580151319
1788338649.23361,0101,400.30,62.00,400.35004186173336,63.78073696345059,0.013707543725257487
1788338661.7367487,0101,400.65,62.00,400.40481332319825,63.780736963450614,0.013494216703950854
1788338673.585034,0101,401.84,62.00,400.1933867185322,63.78218749045904,0.01306729588148788
1788338685.7338786,0101,401.99,62.00,400.4790280170128,63.77541304241616,0.012991126961497497
1788338697.5864155,0101,398.55,62.00,399.7616104661477,63.786528400022654,0.013960485482087656
1788338709.4406562,0101,400.53,62.00,400.4002859890152,63.780736963450614,0.013502319477761997
1788338721.329399,0101,398.89,62.00,399.8426376614954,63.794443942459694,0.01384228764335116
1788338734.543981,0101,401.99,62.00,400.4790280170127,63.77541304241613,0.012991126961497498
1788338746.4304798,0101,399.41,62.00,399.87992085024933,63.7939328313486,0.013859043837994574
1788338758.324506,0101,398.96,62.00,399.8712833511506,63.794443942459715,0.01384228764335117
1788338770.3128092,0101,401.99,62.00,400.47902801701275,63.77541304241613,0.0129911269614975
1788338782.3230686,0101,399.65,62.00,399.80939013323257,63.78987784671972,0.013791348292439025
1788338794.451932,0101,399.06,62.00,399.8975261005742,63.79444394245971,0.013865058646061194
1788338806.2939494,0101,398.84,62.00,399.8299266960476,63.79444394245971,0.013804509865573383
1788338818.2365208,0101,399.90,62.00,400.33453258580266,63.78432052014595,0.013739906733997463
1788338830.470165,0101,398.66,62.00,399.77084568531626,63.78652840002267,0.013926287643351163
1788338844.6857278,0101,401.83,62.00,400.1933867185322,63.78218749045904,0.01306729588148788
1788338856.5794704,0101,399.55,62.00,399.8484801113188,63.79393283134861,0.013835317342268085
1788338868.435206,0101,400.12,62.00,400.28741755733466,63.78432052014595,0.013799393913484647
1788338880.2913885,0101,400.68,62.00,400.3649229723211,63.78073696345061,0.01338305060126624
1788338892.1098235,0101,398.19,62.00,399.63480717679795,63.78616840002267,0.014895541307768335
1788338904.3355575,0101,398.67,62.00,399.7708456853162,63.78652840002267,0.013926287643351166
1788338916.1607575,0101,399.31,62.00,399.9276834765119,63.7949106091264,0.013833329552280288
1788338928.3411872,0101,399.64,62.00,399.8093901332325,63.789877846719705,0.013791348292439023
1788338940.2652237,0101,401.71,62.00,400.13238613784785,63.78218749045904,0.013074977208648371
1788338952.1215549,0101,401.95,62.00,400.4790280170127,63.77541304241615,0.012991126961497497
1788338964.4933798,0101,400.05,62.00,400.2564482872312,63.78432052014595,0.013786060580151315
1788338977.3024135,0101,399.36,62.00,399.9012541835827,63.79393283134862,0.013859043837994578
1788338990.4597564,0101,401.76,62.00,400.1933867185323,63.78218749045904,0.013067295881487882
1788339002.3392518,0101,399.83,62.00,400.2282369699918,63.78432052014597,0.013785621019711751
1788339014.8827507,0101,398.75,62.00,399.7708456853163,63.78652840002267,0.013926287643351163
1788339026.7559898,0101,398.13,62.00,399.40219112584384,63.78866876252916,0.014895541307768333
1788339038.587478,0101,399.68,62.00,400.0599787613653,63.78432052014597,0.013785621019711754
1788339051.3053777,0101,399.87,62.00,400.33453258580266,63.78432052014595,0.013739906733997461
1788339063.671191,0101,399.92,62.00,400.32586591913594,63.78432052014595,0.013786573400664134
1788339075.7316794,0101,401.27,62.00,400.2242590489956,63.78645828477193,0.013188874419690745
1788339087.6662757,0101,400.79,62.00,400.3652854712016,63.78410733382099,0.013359867126448204
1788339099.534336,0101,401.36,62.00,400.1891615896781,63.782719564233204,0.01310729139235496
1788339112.0454075,0101,401.04,62.00,400.27989972044634,63.786458284771946,0.013246861724595342
1788339124.2901814,0101,401.86,62.00,400.3747178930098,63.78007796664949,0.01306729588148788
1788339136.288006,0101,400.14,62.00,400.2874175573347,63.78432052014598,0.013799393913484649
1788339148.2586012,0101,402.00,62.00,400.4790280170127,63.77541304241615,0.012991126961497497
1788339160.4551563,0101,398.62,62.00,399.79009938339135,63.78652840002267,0.01396048548208766
1788339172.431134,0101,400.84,62.00,400.390524787441,63.78410733382098,0.013346533793114871
1788339184.646093,0101,397.94,62.00,399.4008073731587,63.796148557771545,0.014068874641101665
1788339196.8801048,0101,399.42,62.00,399.87992085024933,63.7939328313486,0.013859043837994574
1788339209.1249065,0101,398.82,62.00,399.82992669604766,63.794443942459715,0.013804509865573387
1788339221.027093,0101,400.19,62.00,400.31654094336886,63.78432052014595,0.013786060580151306
1788339234.0029776,0101,397.65,62.00,399.40414070649194,63.796148557771545,0.014102207974434998
1788339246.2556376,0101,399.80,62.00,400.2189036366585,63.784320520145954,0.013785621019711754
1788339258.2148106,0101,399.93,62.00,400.32586591913605,63.78432052014593,0.013786573400664132
1788339270.1029015,0101,400.20,62.00,400.3411490469186,63.784320520145954,0.01378606058015131
1788339282.3173895,0101,397.81,62.00,399.40280737315857,63.796148557771545,0.01406887464110166
1788339294.179505,0101,397.85,62.00,399.4028073731587,63.79614855777153,0.01406887464110166
1788339306.1583307,0101,398.94,62.00,399.8613043281621,63.794443942459715,0.01384228764335116
1788339318.3581002,0101,401.11,62.00,400.2726896259237,63.7864582847719,0.013263237899840082
1788339331.0575178,0101,400.22,62.00,400.3411490469185,63.78432052014598,0.013786060580151306
1788339342.9666715,0101,398.66,62.00,399.7708456853163,63.78652840002267,0.01392628764335116
1788339355.9555473,0101,398.57,62.00,399.79009938339124,63.7865284000227,0.013960485482087656
1788339367.9598134,0101,400.84,62.00,400.39052478744094,63.78410733382099,0.013346533793114866
1788339379.8724363,0101,397.75,62.00,399.4041407064919,63.79614855777156,0.014102207974434998
1788339391.7818186,0101,401.31,62.00,400.2231479378844,63.782719564233204,0.013188874419690747
1788339403.6500418,0101,398.67,62.00,399.77084568531626,63.78652840002267,0.01392628764335116
1788339416.007585,0101,400.05,62.00,400.2564482872312,63.784320520145954,0.013786060580151312
1788339427.9726055,0101,398.10,62.00,399.40219112584396,63.788668762529134,0.014895541307768335
1788339440.3983629,0101,401.69,62.00,400.1323861378479,63.78218749045904,0.013114464388135553
1788339452.3470643,0101,399.49,62.00,399.87777455576315,63.7939328313486,0.013835317342268082
1788339464.6708941,0101,400.96,62.00,400.2798997204464,63.78645828477192,0.013246861724595342
1788339476.8277788,0101,402.22,63.00,400.7535554835273,64.20407579047757,0.012727697475971177
1788339489.5250788,0101,400.56,62.00,400.41014665653154,63.78073696345061,0.013494216703950854
1788339501.749422,0101,401.61,63.00,400.1998357835425,64.2066384092632,0.012968813892629175
1788339513.59965,0101,402.07,63.00,400.67810105571976,64.20407579047759,0.012830317697719315
1788339525.5138423,0101,398.60,63.00,399.81218867599404,64.21577126980297,0.013834641519725206
1788339537.4265082,0101,398.78,63.00,399.8499821037017,64.215771269803,0.013691999236544274
1788339549.330283,0101,401.49,63.00,400.13840891638,64.20663840926318,0.012961640896848585
1788339562.6251123,0101,400.20,63.00,400.25195082155597,64.215771269803,0.013739839497596914
1788339574.5170026,0101,398.40,63.00,399.7847287442578,64.21577126980301,0.013947974853058537
1788339586.662012,0101,398.53,63.00,399.78869975875057,64.215771269803,0.013834641519725206
1788339599.5057054,0101,399.79,63.00,400.12408117331853,64.21577126980301,0.013732049509806927
1788339611.7136111,0101,399.90,63.00,400.2760252695309,64.21577126980301,0.013686335224092646
1788339623.9668393,0101,398.51,63.00,399.78869975875057,64.21577126980301,0.013834641519725206
1788339639.26887,0101,401.59,63.00,400.2169981767049,64.20663840926318,0.012968813892629178
1788339651.1476607,0101,400.54,63.00,400.2940877636525,64.21577126980301,0.013362340144779817
1788339663.1118872,0101,400.15,63.00,400.193819331972,64.21577126980301,0.013710950608708028
1788339674.9319565,0101,402.00,63.00,400.66267695035094,64.20617039628672,0.012848466475840562
1788339687.1417377,0101,399.45,63.00,399.8997247002593,64.21577126980301,0.013770064311269967
1788339699.029167,0101,399.24,63.00,399.94673540264193,64.215771269803,0.013738943680988719
1788339711.244083,0101,399.40,63.00,399.9188709947454,64.21577126980301,0.013802679695885353
1788339723.0974646,0101,399.07,63.00,399.9189206895148,64.21577126980301,0.013767832569877602
1788339735.4670393,0101,399.91,63.00,400.2673586028642,64.21577126980297,0.01373300189075931
1788339747.3913107,0101,399.71,63.00,399.9850041266529,64.21577126980301,0.013732049509806927
1788339759.578726,0101,398.97,63.00,399.90111653658244,64.215771269803,0.013729777014322047
1788339771.79201,0101,398.93,63.00,399.8911375135939,64.21577126980301,0.013729777014322047
1788339784.037248,0101,398.52,63.00,399.78869975875057,64.21577126980301,0.01383464151972521
1788339795.9995842,0101,398.76,63.00,399.8499821037017,64.21577126980301,0.013691999236544265
1788339807.9240065,0101,399.72,63.00,399.98500412665305,64.21577126980301,0.013732049509806927
1788339820.136588,0101,401.12,63.00,400.2521647900154,64.2157496716124,0.013105162648081054
1788339831.9825747,0101,401.43,63.00,400.1576380095711,64.2066384092632,0.012961640896848587
1788339844.3049145,0101,400.23,63.00,400.25195082155585,64.215771269803,0.013739839497596915
1788339856.5291245,0101,400.92,63.00,400.24365048927916,64.2157496716124,0.013195843614182596
1788339868.766064,0101,399.01,63.00,399.91178320324906,64.21577126980299,0.013696443680988718
1788339881.6958477,0101,398.87,63.00,399.87247084692723,64.21577126980301,0.013729777014322053
1788339893.7064683,0101,399.66,63.00,399.99599079331966,64.215771269803,0.013732049509806927
1788339905.5971525,0101,400.64,63.00,400.2986150978357,64.21577126980299,0.013354237370968679
1788339917.8748982,0101,399.79,63.00,400.1240811733186,64.21577126980301,0.013732049509806927
1788339930.1762724,0101,399.16,63.00,399.9362354026419,64.21577126980299,0.013738943680988717
1788339943.153976,0101,398.83,63.00,399.8499821037017,64.21577126980301,0.013691999236544274
1788339955.3604083,0101,401.87,63.00,400.5175579791928,64.2061703962867,0.01292463539583095
1788339968.957563,0101,401.14,63.00,400.2521647900154,64.2157496716124,0.013105162648081056
1788339982.5483038,0101,399.61,63.00,399.82050027772857,64.215771269803,0.013725049509806929
1788339994.4533455,0101,398.47,63.00,399.78869975875057,64.21577126980301,0.013834641519725214
1788340006.3478122,0101,398.95,63.00,399.8911165365824,64.215771269803,0.013729777014322047
1788340018.3997583,0101,399.24,63.00,399.9467354026419,64.21577126980301,0.013738943680988717
1788340030.7263594,0101,397.94,63.00,399.41926717666814,64.21577126980299,0.01393877030390655
1788340043.0630262,0101,399.24,63.00,399.9467354026419,64.21577126980301,0.013738943680988717
1788340055.2616494,0101,400.99,63.00,400.26777496163027,64.2157496716124,0.013135453139502979
1788340067.3251534,0101,399.76,63.00,400.12408117331853,64.21577126980299,0.013732049509806927
1788340079.3367603,0101,400.92,63.00,400.24365048927916,64.2157496716124,0.013195843614182594
1788340091.6253748,0101,398.63,63.00,399.81218867599404,64.215771269803,0.013834641519725209
1788340103.8845057,0101,402.12,63.00,400.68143438905304,64.20407579047756,0.012830317697719317
1788340116.9229755,0101,400.78,63.00,400.26411024778827,64.21574967161244,0.013256805248462615
1788340128.902819,0101,401.36,63.00,400.1576380095711,64.20663840926319,0.012961640896848585
1788340140.7629397,0101,398.60,63.00,399.81218867599404,64.21577126980301,0.013834641519725206
1788340152.6424315,0101,399.28,63.00,399.9453002876747,64.21577126980301,0.013737877091082746
1788340164.8100595,0101,398.95,63.00,399.8911165365824,64.21577126980303,0.013729777014322044
1788340176.7168374,0101,400.73,63.00,400.25872474695836,64.2157496716124,0.013279988723280652
1788340188.901794,0101,401.09,63.00,400.2521647900154,64.2157496716124,0.013105162648081052
1788340201.0735466,0101,401.24,63.00,400.19349965098775,64.21574967161241,0.013099008801927204
1788340212.9780376,0101,397.63,63.00,399.42260051000136,64.21577126980299,0.01397210363723989
1788340224.9110303,0101,397.75,63.00,399.4226005100013,64.21577126980301,0.013972103637239884
1788340236.8785472,0101,400.76,63.00,400.2641102477885,64.2157496716124,0.013256805248462617
1788340248.871298,0101,400.13,63.00,400.19381933197207,64.21577126980299,0.013710950608708033
1788340261.7465508,0101,397.74,63.00,399.4226005100014,64.21577126980301,0.013972103637239887
1788340273.6130104,0101,400.65,63.00,400.2986150978357,64.215771269803,0.013354237370968679
1788340286.865923,0101,401.73,63.00,400.1569631249261,64.20473706295337,0.012932316722991442
1788340298.8107262,0101,401.09,63.00,400.2521647900154,64.2157496716124,0.013105162648081052
1788340310.6955645,0101,399.50,63.00,399.8997247002593,64.215771269803,0.01377006431126997
1788340322.8834665,0101,400.21,63.00,400.25195082155585,64.215771269803,0.013739839497596915
1788340334.77465,0101,399.37,63.00,399.9188709947454,64.21577126980301,0.013802679695885353
1788340346.650247,0101,400.26,63.00,400.25951030303736,64.21577126980301,0.013602334386153854
1788340358.5471518,0101,399.09,63.00,399.9189206895149,64.21577126980301,0.013767832569877608
1788340370.455318,0101,399.66,63.00,399.99599079331955,64.21577126980301,0.01373204950980693
1788340382.334202,0101,401.38,63.00,400.1576380095712,64.20663840926319,0.012961640896848585
1788340394.4746222,0101,401.59,63.00,400.2169981767049,64.20663840926316,0.012968813892629175
1788340407.0445712,0101,398.99,63.00,399.9011165365823,64.21577126980303,0.01372977701432205
1788340418.9844537,0101,400.64,63.00,400.2986150978357,64.21577126980297,0.013354237370968679
1788340431.1594253,0101,398.58,63.00,399.8121886759941,64.21577126980301,0.013834641519725209
1788340443.4303489,0101,399.96,63.00,400.19047430429276,64.215771269803,0.013710950608708028
1788340455.2867682,0101,399.73,63.00,399.98500412665294,64.21577126980301,0.01373204950980693
1788340467.1215718,0101,401.71,63.00,400.15696312492616,64.20473706295337,0.012932316722991444
1788340478.9935696,0101,399.02,63.00,399.9117832032491,64.21577126980301,0.013696443680988712
1788340490.8277278,0101,399.23,63.00,399.94673540264193,64.215771269803,0.013738943680988719
1788340502.6731234,0101,399.97,63.00,400.19047430429276,64.215771269803,0.013710950608708028
1788340514.677733,0101,400.62,63.00,400.29861509783564,64.21577126980301,0.013354237370968676
1788340526.8863487,0101,400.71,63.00,400.2587247469584,64.2157496716124,0.01327998872328065
1788340539.2295158,0101,398.08,63.00,399.4206509293533,64.21577126980299,0.014765436970573219
1788340551.1765032,0101,398.60,63.00,399.81218867599404,64.215771269803,0.013834641519725206
1788340563.365415,0101,398.21,63.00,399.77895096648007,64.21577126980301,0.014765436970573222
1788340575.3281875,0101,397.63,63.00,399.4226005100015,64.21577126980299,0.013972103637239884
1788340587.3201473,0101,401.28,63.00,400.19651324666626,64.20663840926318,0.013043223924184368
1788340600.5989344,0101,400.27,63.00,400.2595103030373,64.21577126980301,0.013602334386153849
1788340612.7980642,0101,397.87,63.00,399.42126717666815,64.21577126980301,0.01393877030390655
1788340624.7907684,0101,397.91,63.00,399.4192671766682,64.21577126980301,0.013938770303906558
1788340636.6229587,0101,401.47,63.00,400.13840891637994,64.20663840926318,0.012961640896848583
1788340648.8297682,0101,398.88,63.00,399.87247084692723,64.21577126980299,0.013729777014322044
1788340660.7506335,0101,399.05,63.00,399.911783203249,64.21577126980301,0.013696443680988712
1788340673.2983751,0101,398.77,63.00,399.8499821037017,64.215771269803,0.01369199923654427
1788340685.40585,0101,398.83,63.00,399.8499821037016,64.21577126980301,0.01369199923654427
1788340697.6729672,0101,400.68,63.00,400.2587247469585,64.2157496716124,0.013279988723280652
1788340709.5219963,0101,401.30,63.00,400.19651324666626,64.20663840926322,0.013043223924184368
1788340721.3751593,0101,401.88,63.00,400.5175579791929,64.20617039628671,0.012924635395830943
1788340733.570575,0101,398.40,63.00,399.7847287442579,64.21577126980301,0.01394797485305854
1788340746.8942842,0101,401.42,63.00,400.1576380095712,64.20663840926318,0.012961640896848581
1788340758.7906551,0101,400.73,63.00,400.25872474695853,64.2157496716124,0.013279988723280652
1788340770.8976896,0101,399.77,63.00,400.1240811733186,64.21577126980301,0.013732049509806924
1788340783.417929,0101,398.90,63.00,399.8724708469272,64.21577126980301,0.013729777014322047
1788340797.0031936,0101,398.29,63.00,399.7789509664801,64.215771269803,0.014288112706810957
1788340809.963687,0101,397.68,63.00,399.4226005100013,64.215771269803,0.013972103637239884
1788340821.904545,0101,399.92,63.00,400.2673586028642,64.21577126980301,0.01373300189075931
1788340834.0986001,0101,398.24,63.00,399.77895096648007,64.21577126980301,0.014765436970573215
1788340845.9913096,0101,398.53,63.00,399.7886997587507,64.21577126980301,0.013834641519725206
1788340858.6273477,0101,398.04,63.00,399.4299842626866,64.21577126980304,0.01398543697057322
1788340870.5627456,0101,400.38,63.00,400.26400186066974,64.21577126980301,0.013436770492892837
1788340882.4218798,0101,399.89,63.00,400.27602526953075,64.21577126980299,0.01368633522409264
1788340894.6312268,0101,398.00,63.00,399.43941549811785,64.21577126980301,0.013985436970573221
1788340906.9032125,0101,398.28,63.00,399.7789509664801,64.21577126980301,0.014288112706810956
1788340919.824909,0101,401.95,63.00,400.66267695035094,64.20617039628672,0.012848466475840564
1788340931.753007,0101,398.70,63.00,399.7929349779192,64.21577126980301,0.013800443680988712
1788340943.6299112,0101,402.07,63.00,400.67810105571965,64.20407579047757,0.012830317697719317
1788340956.261785,0101,400.13,63.00,400.19381933197195,64.215771269803,0.013710950608708021
1788340968.4658158,0101,398.18,63.00,399.66808034574996,64.215771269803,0.014765436970573224
1788340980.321232,0101,400.14,63.00,400.193819331972,64.21577126980301,0.013710950608708021
1788340992.4704385,0101,398.70,63.00,399.792934977919,64.21577126980301,0.013800443680988716
1788341004.7411664,0101,398.75,63.00,399.79293497791906,64.21577126980301,0.013800443680988716
1788341016.6503665,0101,400.16,63.00,400.2229427180062,64.21577126980299,0.013710950608708024
1788341028.5122173,0101,398.41,63.00,399.78472874425785,64.215771269803,0.013927974853058548
1788341040.3919659,0101,400.63,63.00,400.29861509783564,64.21577126980301,0.013354237370968672
1788341052.349039,0101,399.77,63.00,400.1240811733186,64.215771269803,0.013732049509806924
1788341064.1987522,0101,399.53,63.00,399.8704302558149,64.21577126980301,0.01377006431126997
1788341076.706954,0101,398.41,63.00,399.7847287442579,64.21577126980299,0.01392797485305854
1788341088.9643958,0101,400.94,63.00,400.2436504892791,64.21574967161241,0.013195843614182594
1788341100.934857,0101,399.14,63.00,399.92739687999097,64.21577126980301,0.013767832569877604
1788341112.794381,0101,399.75,63.00,399.985004126653,64.215771269803,0.013732049509806927
1788341124.9893131,0101,399.95,63.00,400.1904743042928,64.21577126980301,0.013710950608708028
1788341136.8145566,0101,401.00,63.00,400.2677749616303,64.2157496716124,0.013135453139502979
1788341148.6891644,0101,401.08,63.00,400.25216479001546,64.2157496716124,0.013105162648081052
1788341160.5349548,0101,399.82,63.00,400.1334145066518,64.21577126980301,0.013732049509806924
1788341172.362373,0101,398.18,63.00,399.66808034574996,64.21577126980301,0.014765436970573222
1788341184.5302975,0101,398.76,63.00,399.8499821037017,64.21577126980301,0.013691999236544277
1788341196.8072016,0101,399.15,63.00,399.92739687999097,64.21577126980299,0.013767832569877604
1788341208.708789,0101,398.74,63.00,399.792934977919,64.215771269803,0.013800443680988712
1788341220.9441938,0101,398.89,63.00,399.8724708469273,64.21577126980301,0.013729777014322047
1788341232.7519262,0101,399.49,63.00,399.89972470025936,64.215771269803,0.013770064311269972
1788341244.955454,0101,398.01,63.00,399.42998426268656,64.215771269803,0.013985436970573216
1788341256.9623299,0101,400.97,63.00,400.2677749616303,64.2157496716124,0.01313545313950298
1788341268.8412218,0101,398.60,63.00,399.81218867599404,64.21577126980301,0.013834641519725206
1788341280.707209,0101,399.49,63.00,399.89972470025924,64.21577126980301,0.01377006431126997
1788341292.6425314,0101,400.77,63.00,400.26411024778827,64.2157496716124,0.013256805248462613
1788341304.534923,0101,399.67,63.00,399.99599079331955,64.21577126980301,0.013732049509806927
1788341316.7526758,0101,400.55,63.00,400.29408776365267,64.21577126980301,0.013362340144779817
1788341328.6098692,0101,397.70,63.00,399.4226005100014,64.215771269803,0.013972103637239884
1788341340.7855675,0101,399.01,63.00,399.911783203249,64.215771269803,0.013696443680988718
1788341352.7584062,0101,398.54,63.00,399.7886997587507,64.215771269803,0.01383464151972521
1788341364.980419,0101,401.04,63.00,400.2677749616303,64.2157496716124,0.01313545313950298
1788341377.166041,0101,398.65,63.00,399.812188675994,64.215771269803,0.013834641519725202
1788341389.1543255,0101,400.13,63.00,400.19381933197207,64.21577126980303,0.013710950608708024
1788341401.4806263,0101,402.23,63.00,400.7535554835273,64.2040757904776,0.012727697475971179
1788341413.350062,0101,400.34,63.00,400.25951030303736,64.215771269803,0.013602334386153853
1788341428.4592652,0101,400.59,63.00,400.30394843116903,64.215771269803,0.013354237370968679
1788341440.683552,0101,399.27,63.00,399.9453002876747,64.21577126980301,0.013737877091082745
1788341452.5696423,0101,400.96,63.00,400.2677749616304,64.2157496716124,0.01313545313950298
1788341464.9277174,0101,400.39,63.00,400.2640018606697,64.21577126980301,0.01343677049289284
1788341476.7631102,0101,397.85,63.00,399.42126717666804,64.21577126980299,0.013938770303906554
1788341488.5832746,0101,400.30,63.00,400.2595103030374,64.215771269803,0.013602334386153854
1788341500.4340014,0101,398.38,63.00,399.78472874425785,64.21577126980301,0.01394797485305854
1788341512.5978637,0101,401.61,63.00,400.19983578354254,64.20663840926318,0.012968813892629176
1788341524.5700822,0101,401.96,63.00,400.66267695035094,64.2061703962867,0.012848466475840564
1788341536.4634275,0101,399.19,63.00,399.93623540264184,64.215771269803,0.013738943680988719
1788341548.3727212,0101,401.10,63.00,400.25216479001534,64.2157496716124,0.013105162648081052
1788341560.7033584,0101,401.06,63.00,400.2521647900154,64.21574967161244,0.013105162648081056
1788341572.5984063,0101,399.46,63.00,399.8997247002593,64.21577126980301,0.013770064311269972
1788341584.5288756,0101,401.44,63.00,400.15763800957126,64.2066384092632,0.012961640896848583
1788341596.3813903,0101,400.30,63.00,400.25951030303736,64.21577126980303,0.013602334386153854
1788341608.7278924,0101,399.10,63.00,399.91892068951483,64.21577126980301,0.013767832569877604
1788341620.8853436,0101,400.59,63.00,400.303948431169,64.215771269803,0.013354237370968672
1788341633.0803208,0101,398.99,63.00,399.90111653658244,64.21577126980301,0.013729777014322047
1788341645.570089,0101,401.79,63.00,400.24103064000184,64.20617039628671,0.012924635395830948
1788341657.8364444,0101,401.01,63.00,400.26777496163027,64.21574967161243,0.013135453139502977
1788341669.7921343,0101,402.05,63.00,400.5377822501421,64.21535557907535,0.002985542781545539
1788341681.1842065,0101,397.68,63.00,399.36696051000126,64.22705105840078,0.0030333920681839405
1788341692.2575011,0101,398.27,63.00,399.74417350943537,64.22705105840076,0.00303339206818394
1788341703.3056936,0101,400.99,63.00,400.27706466693775,64.22702946021019,0.003002927328693901
1788341714.6683753,0101,400.66,63.00,400.27919889190036,64.22702946021016,0.0030029273286939014
1788341725.7099369,0101,400.14,63.00,400.1975448236146,64.22705105840078,0.002961386712447403
1788341736.780739,0101,400.25,63.00,400.25966149838365,64.22705105840078,0.002995672426733117
1788341747.8151298,0101,398.68,63.00,399.7948247166416,64.22705105840078,0.002888538027899508
1788341758.8542566,0101,399.97,63.00,400.19419979593533,64.22705105840079,0.0029458081427560785
1788341769.8704965,0101,397.93,63.00,399.36496051000125,64.22705105840073,0.0030333920681839405
1788341780.8992054,0101,398.48,63.00,399.7645080159916,64.22705105840078,0.003057508616134803
1788341792.190732,0101,401.25,63.00,400.2137020225764,64.22702946021019,0.0030581799991287774
1788341803.5447102,0101,400.12,63.00,400.1975448236146,64.22705105840078,0.0029613867124474026
1788341814.9319162,0101,400.96,63.00,400.2770646669377,64.22702946021018,0.0030029273286939014
1788341825.957489,0101,401.59,63.00,400.18339641896677,64.21791819786095,0.0029875626761747755
1788341837.0512426,0101,401.52,63.00,400.12256815071356,64.21791819786097,0.0029875626761747755
1788341848.501948,0101,400.22,63.00,400.2596614983836,64.22705105840078,0.002995672426733117
1788341859.679683,0101,397.78,63.00,399.3669605100014,64.2270510584008,0.0030333920681839405
1788341870.7302644,0101,398.21,63.00,399.7441735094354,64.2270510584008,0.0030333920681839405
1788341881.7911022,0101,399.10,63.00,399.899783047285,64.22705105840079,0.0027866053721972836
1788341892.8191998,0101,398.84,63.00,399.8338797789321,64.22705105840079,0.002888538027899508
1788341904.148765,0101,401.42,63.00,400.1417972439047,64.21791819786098,0.003024497542075159
1788341915.2121298,0101,398.55,63.00,399.7645080159917,64.22705105840076,0.0029810380278995083
1788341926.2733169,0101,400.53,63.00,400.29237325529505,64.22705105840079,0.003012143014968411
1788341937.6617453,0101,398.53,63.00,399.76450801599174,64.22705105840078,0.0029810380278995087
1788341948.7193065,0101,401.54,63.00,400.1225681507136,64.21791819786097,0.0029875626761747755
1788341959.7309344,0101,398.42,63.00,399.74995128721315,64.22705105840078,0.003066725401517273
1788341971.112538,0101,400.79,63.00,400.28013994828586,64.2270294602102,0.0030029273286939014
1788341982.1428497,0101,400.05,63.00,400.18233312926867,64.2270510584008,0.002945808142756079
1788341993.1944783,0101,400.35,63.00,400.2548058708307,64.22705105840078,0.0030254763483017443
1788342004.2563221,0101,399.42,63.00,399.8814400191822,64.22705105840079,0.002801375297362558
1788342015.662753,0101,400.65,63.00,400.30351410929177,64.22705105840078,0.003012143014968411
1788342026.6890852,0101,401.42,63.00,400.1417972439047,64.21791819786098,0.003024497542075159
1788342038.0534627,0101,398.61,63.00,399.79266359990174,64.22705105840078,0.002911871361232842
1788342049.4530334,0101,399.59,63.00,399.7679335878797,64.22705105840076,0.0028631894372460973
1788342061.1898878,0101,401.59,63.00,400.18339641896677,64.21791819786098,0.002987562676174776
1788342072.3231797,0101,401.82,63.00,400.1833423675439,64.21745018488448,0.0029764762564216895
1788342083.7779787,0101,401.07,63.00,400.2614544953227,64.22702946021018,0.0030510190858646057
1788342095.221234,0101,399.36,63.00,399.90277335251545,64.22705105840078,0.0028013752973625574
1788342106.2705152,0101,398.25,63.00,399.74417350943537,64.22705105840078,0.0030333920681839405
1788342117.6972158,0101,398.39,63.00,399.74995128721315,64.22705105840075,0.003066725401517274
1788342129.1119168,0101,400.60,63.00,400.314847442625,64.22705105840078,0.0030121430149684107
1788342140.3825471,0101,400.96,63.00,400.27706466693775,64.22702946021018,0.0030029273286939014
1788342151.5094535,0101,400.39,63.00,400.25480587083075,64.22705105840078,0.0030254763483017443
1788342162.5572462,0101,400.96,63.00,400.2770646669377,64.22702946021019,0.003002927328693902
1788342173.6601713,0101,400.39,63.00,400.2548058708308,64.22705105840078,0.0030254763483017443
1788342185.4541998,0101,398.90,63.00,399.85636852215765,64.22705105840078,0.0028265941488527274
1788342196.5042763,0101,398.04,63.00,399.38101092935324,64.22705105840078,0.0030333920681839405
1788342207.9330792,0101,399.95,63.00,400.19419979593533,64.22705105840078,0.0029458081427560785
1788342219.0102408,0101,400.32,63.00,400.26722097986516,64.22705105840078,0.0030254763483017443
1788342230.1378226,0101,400.27,63.00,400.26722097986504,64.2270510584008,0.003025476348301744
1788342241.622955,0101,400.97,63.00,400.2770646669378,64.22702946021018,0.0030029273286939005
1788342252.7597258,0101,400.88,63.00,400.25834685644327,64.2270294602102,0.003002927328693901
1788342263.8685045,0101,401.76,63.00,400.183342367544,64.21745018488448,0.0029764762564216886
1788342274.928244,0101,401.73,63.00,400.1233613671881,64.21601685155115,0.0029875626761747755
1788342286.399104,0101,401.78,63.00,400.1833423675439,64.21745018488447,0.0029764762564216886
1788342297.4423926,0101,398.25,63.00,399.74417350943526,64.22705105840078,0.0030333920681839405
1788342308.8090627,0101,401.00,63.00,400.2770646669377,64.22702946021018,0.003002927328693902
1788342319.8490796,0101,402.06,63.00,400.5369295971605,64.21535557907535,0.003023627155878998
1788342331.3297856,0101,402.36,63.00,400.4476364866716,64.21725665511468,0.0030329652500352927
1788342342.4175923,0101,399.44,63.00,399.88144001918226,64.22705105840078,0.002801375297362558
1788342353.5427022,0101,399.79,63.00,400.1198532739078,64.22705105840078,0.0028744986235978037
1788342364.931356,0101,398.69,63.00,399.7948247166416,64.22705105840078,0.0028885380278995077
1788342376.0129862,0101,399.01,63.00,399.8926455610192,64.22705105840078,0.0027866053721972836
1788342387.0612104,0101,399.90,63.00,400.2652618722845,64.22705105840076,0.0029262855228690044
1788342398.111713,0101,400.19,63.00,400.2280015429822,64.22705105840078,0.002961386712447403
1788342409.5717723,0101,400.07,63.00,400.1988781569479,64.22705105840078,0.002961386712447403
1788342420.6443443,0101,399.47,63.00,399.8713603913629,64.22705105840078,0.002788041964029224
1788342431.676509,0101,400.59,63.00,400.308847442625,64.22705105840078,0.0030121430149684116
1788342442.7249095,0101,398.84,63.00,399.8338797789321,64.22705105840078,0.002888538027899508
1788342453.7460556,0101,400.35,63.00,400.2548058708308,64.22705105840078,0.0030254763483017443
1788342465.1511414,0101,398.76,63.00,399.8338797789321,64.22705105840078,0.002888538027899508
1788342476.163576,0101,401.40,63.00,400.1417972439047,64.21791819786098,0.003024497542075159
1788342487.9468045,0101,399.02,63.00,399.8926455610191,64.22705105840078,0.0027866053721972836
1788342498.9991977,0101,399.18,63.00,399.91709776041205,64.22705105840076,0.0027729949825868938
1788342510.2057648,0101,398.72,63.00,399.79482471664153,64.22705105840078,0.0028885380278995077
1788342521.2854798,0101,400.74,63.00,400.2791988919003,64.22702946021019,0.003002927328693902
1788342533.0351605,0101,397.87,63.00,399.36562717666794,64.22705105840076,0.003033392068183941
1788342544.1574035,0101,402.04,63.00,400.5377822501421,64.21535557907534,0.002985542781545539
1788342555.2295775,0101,400.12,63.00,400.1975448236146,64.22705105840078,0.002961386712447403
1788342566.2500594,0101,399.50,63.00,399.8713603913629,64.22705105840078,0.002788041964029225
1788342577.2838902,0101,399.94,63.00,400.25659520561777,64.22705105840078,0.0029326931805266614
1788342588.669233,0101,399.60,63.00,399.7679335878798,64.22705105840078,0.002863189437246097
1788342599.7450333,0101,398.24,63.00,399.74417350943537,64.22705105840079,0.0030333920681839405
1788342611.139808,0101,399.05,63.00,399.89264556101915,64.22705105840075,0.0027866053721972836
1788342622.2456934,0101,399.18,63.00,399.91709776041205,64.22705105840076,0.0027729949825868938
1788342633.6044173,0101,398.55,63.00,399.76450801599174,64.22705105840078,0.0029810380278995087
1788342644.7849386,0101,398.59,63.00,399.7926635999018,64.22705105840078,0.0029677046945661757
1788342655.9209754,0101,401.38,63.00,400.1417972439048,64.21791819786098,0.0030244975420751588
1788342666.9611886,0101,400.07,63.00,400.19887815694784,64.22705105840078,0.002961386712447403
1788342677.9979699,0101,398.80,63.00,399.83387977893204,64.22705105840076,0.002888538027899508
1788342689.3026133,0101,401.84,63.00,400.1833423675438,64.21745018488446,0.002976476256421689
1788342700.3613145,0101,398.58,63.00,399.79266359990174,64.22705105840076,0.0029677046945661757
1788342711.7404819,0101,398.86,63.00,399.8563685221577,64.22705105840078,0.0028265941488527266
1788342722.8039427,0101,398.77,63.00,399.83387977893204,64.22705105840078,0.002888538027899508
1788342734.0696578,0101,399.16,63.00,399.917097760412,64.22705105840078,0.002772994982586894
1788342745.6125436,0101,399.40,63.00,399.90277335251557,64.22705105840076,0.0028013752973625582
1788342756.98105,0101,400.46,63.00,400.29237325529516,64.22705105840078,0.003012143014968411
1788342768.0324602,0101,399.51,63.00,399.83764928025175,64.2270510584008,0.002788041964029225
1788342779.0647066,0101,400.13,63.00,400.19754482361446,64.22705105840078,0.0029613867124474026
1788342790.4253497,0101,398.82,63.00,399.8338797789321,64.22705105840078,0.002888538027899508
1788342801.5162961,0101,401.63,63.00,400.16623402580433,64.21791819786097,0.0029875626761747764
1788342812.6734629,0101,398.52,63.00,399.7645080159917,64.22705105840078,0.0029810380278995087
1788342823.7003787,0101,400.12,63.00,400.1975448236145,64.22705105840078,0.0029613867124474026
1788342835.0695174,0101,401.20,63.00,400.21370202257623,64.22702946021018,0.0030581799991287765
1788342846.2794118,0101,398.98,63.00,399.8819788943525,64.22705105840078,0.002815988088246667
1788342857.550441,0101,401.53,63.00,400.1225681507137,64.21791819786095,0.0029875626761747755
1788342868.587061,0101,399.42,63.00,399.88144001918226,64.22705105840078,0.002801375297362558
1788342880.3676705,0101,399.50,63.00,399.8713603913628,64.22705105840078,0.0027880419640292247
1788342891.4014482,0101,397.48,63.00,399.3669605100012,64.22705105840078,0.0030333920681839405
1788342902.7678308,0101,400.55,63.00,400.29237325529505,64.22705105840078,0.0030121430149684116
1788342913.7794063,0101,400.64,63.00,400.30351410929177,64.22705105840078,0.0030121430149684116
1788342924.8616571,0101,398.70,63.00,399.79482471664164,64.22705105840078,0.002888538027899508
1788342936.0932736,0101,402.16,63.00,400.5484657448609,64.21535557907534,0.003059908187753886
1788342947.500826,0101,398.84,63.00,399.83387977893216,64.22705105840078,0.002888538027899508
1788342958.6051638,0101,401.49,63.00,400.1225681507135,64.21791819786094,0.0029875626761747755
1788342970.0113819,0101,400.54,63.00,400.2923732552951,64.22705105840078,0.0030121430149684116
1788342981.0958054,0101,399.60,63.00,399.7679335878797,64.22705105840078,0.0028631894372460978
1788342992.4976864,0101,399.83,63.00,400.129186607241,64.22705105840078,0.0028878319569311368
1788343003.5565526,0101,400.34,63.00,400.2672209798651,64.22705105840078,0.0030254763483017443
1788343014.9780633,0101,400.61,63.00,400.30351410929165,64.22705105840078,0.003012143014968411
1788343026.0522962,0101,398.78,63.00,399.83387977893216,64.22705105840079,0.0028885380278995086
1788343037.4645166,0101,399.69,63.00,399.9627882467349,64.22705105840078,0.0028631894372460973
1788343048.478336,0101,399.15,63.00,399.9082592377612,64.22705105840078,0.0027866053721972836
1788343060.5565584,0101,401.25,63.00,400.21370202257634,64.22702946021018,0.003058179999128776
1788343071.6205385,0101,398.89,63.00,399.85636852215777,64.22705105840078,0.002826594148852727
1788343082.658091,0101,401.07,63.00,400.2614544953228,64.22702946021022,0.0030510190858646065
1788343094.0337138,0101,399.90,63.00,400.26526187228455,64.22705105840078,0.002926285522869004
1788343105.0746818,0101,400.14,63.00,400.1975448236145,64.22705105840076,0.002961386712447403
1788343116.1261685,0101,397.62,63.00,399.3669605100012,64.22705105840078,0.00303339206818394
1788343127.4858186,0101,398.02,63.00,399.38101092935324,64.22705105840078,0.0030333920681839405
1788343138.526551,0101,400.81,63.00,400.3053792645252,64.22702946021019,0.003002927328693901
1788343149.569301,0101,399.61,63.00,399.77493358787973,64.22705105840078,0.0028631894372460973
1788343160.6235785,0101,400.00,63.00,400.19419979593545,64.22705105840079,0.0029458081427560785
1788343171.6598966,0101,401.60,63.00,400.1833964189667,64.21791819786095,0.0029875626761747764
1788343183.1440747,0101,402.27,63.00,400.4910570276075,64.21725665511467,0.0030445836278116343
1788343194.4914129,0101,401.18,63.00,400.2137020225763,64.22702946021018,0.003058179999128777
1788343205.9138305,0101,400.62,63.00,400.3035141092916,64.22705105840078,0.0030121430149684107
1788343217.307177,0101,401.12,63.00,400.26145449532277,64.2270294602102,0.0030510190858646057
1788343228.955491,0101,399.35,63.00,399.90277335251557,64.22705105840078,0.0028013752973625582
1788343240.3281822,0101,399.85,63.00,400.26526187228444,64.22705105840078,0.0029262855228690044
1788343251.4380739,0101,398.71,63.00,399.79482471664164,64.22705105840078,0.002888538027899508
1788343262.8585627,0101,401.80,63.00,400.18334236754384,64.21745018488446,0.002976476256421689
1788343274.3314874,0101,401.74,63.00,400.12336136718807,64.21601685155115,0.0029875626761747764
1788343285.4503403,0101,399.87,63.00,400.2652618722845,64.22705105840078,0.0029262855228690036
1788343296.8136973,0101,399.05,63.00,399.89264556101915,64.22705105840076,0.002786605372197283
1788343307.903008,0101,399.65,63.00,399.7749335878797,64.22705105840078,0.0028631894372460973
1788343318.951276,0101,402.22,63.00,400.55791018930523,64.21535557907535,0.0030599081877538854
1788343330.0032873,0101,402.35,63.00,400.484969820005,64.21725665511467,0.003032965250035293
1788343341.3600934,0101,398.12,63.00,399.3716775960198,64.22705105840078,0.0030333920681839405
1788343352.7530468,0101,400.57,63.00,400.308847442625,64.22705105840078,0.003012143014968411
1788343364.1178682,0101,401.53,63.00,400.12256815071356,64.21791819786097,0.0029875626761747755
1788343375.4896765,0101,400.28,63.00,400.2672209798651,64.22705105840078,0.003025476348301744
1788343386.5315282,0101,398.42,63.00,399.7499512872132,64.22705105840078,0.003066725401517273
1788343398.302059,0101,401.30,63.00,400.1843391476665,64.21791819786094,0.0030244975420751596
1788343409.373485,0101,400.71,63.00,400.2791988919003,64.2270294602102,0.0030029273286939014
1788343420.427874,0101,399.29,63.00,399.9332026454448,64.22705105840078,0.002772994982586894
1788343431.7890534,0101,400.39,63.00,400.2548058708308,64.22705105840078,0.0030254763483017443
1788343442.8223538,0101,398.49,63.00,399.7645080159916,64.22705105840078,0.0030575086161348025
1788343453.8560057,0101,399.94,63.00,400.25659520561777,64.22705105840078,0.002932693180526662
1788343465.2313204,0101,398.25,63.00,399.74417350943554,64.22705105840078,0.0030333920681839405
1788343476.269142,0101,400.70,63.00,400.2791988919004,64.22702946021016,0.003002927328693901
1788343487.322315,0101,398.49,63.00,399.76450801599174,64.22705105840078,0.0030575086161348025
1788343498.348808,0101,398.14,63.00,399.3716775960199,64.22705105840078,0.0030333920681839418
1788343509.7314038,0101,400.75,63.00,400.27919889190036,64.22702946021019,0.0030029273286939014
1788343520.7842188,0101,398.54,63.00,399.7645080159916,64.22705105840078,0.0029810380278995083
1788343531.858139,0101,399.22,63.00,399.927597760412,64.22705105840078,0.0027729949825868938
1788343542.9595742,0101,399.30,63.00,399.93320264544485,64.22705105840078,0.002772994982586894
1788343554.352947,0101,402.00,63.00,400.5377822501421,64.21745018488448,0.0029764762564216895
1788343565.381662,0101,401.00,63.00,400.27706466693775,64.22702946021019,0.003002927328693901
1788343576.3853831,0101,400.11,63.00,400.19754482361446,64.22705105840079,0.0029613867124474026
1788343587.4658802,0101,399.42,63.00,399.88144001918226,64.22705105840079,0.0028013752973625574
1788343598.5289266,0101,399.26,63.00,399.93320264544485,64.22705105840078,0.0027729949825868938
1788343609.90666,0101,398.08,63.00,399.3716775960199,64.22705105840078,0.0030333920681839405
1788343621.7477074,0101,401.90,63.00,400.3717212131728,64.21745018488448,0.0029764762564216895
1788343632.8130322,0101,401.50,63.00,400.1225681507135,64.21791819786098,0.002987562676174776
1788343644.1913638,0101,400.62,63.00,400.30351410929165,64.22705105840078,0.003012143014968411
1788343655.234328,0101,402.06,63.00,400.53692959716057,64.21535557907535,0.0030236271558789986
1788343667.1197991,0101,401.22,63.00,400.21370202257634,64.22702946021019,0.0030581799991287774
1788343678.1461587,0101,402.40,63.00,400.44763648667174,64.21725665511468,0.003032965250035293
1788343689.2051585,0101,401.76,63.00,400.18334236754384,64.2174501848845,0.0029764762564216895
1788343700.2459497,0101,400.18,63.00,400.2280015429822,64.22705105840076,0.0029613867124474026
1788343711.3678546,0101,400.77,63.00,400.2801399482858,64.22702946021019,0.003002927328693901
1788343723.1192646,0101,400.42,63.00,400.2414169819419,64.22705105840076,0.0030254763483017443
1788343734.578212,0101,400.21,63.00,400.2596614983835,64.22705105840076,0.0029956724267331167
1788343747.0425673,0101,400.81,63.00,400.30537926452513,64.22702946021018,0.003002927328693901
1788343758.5498679,0101,400.52,63.00,400.29237325529505,64.22705105840078,0.0030121430149684107
1788343769.6389363,0101,399.71,63.00,399.95180158006826,64.22705105840075,0.0028631894372460978
1788343780.9924307,0101,401.03,63.00,400.2770646669378,64.22702946021018,0.003010066704912225
1788343792.0499787,0101,402.13,63.00,400.5402629304939,64.21535557907534,0.0030236271558789986
1788343803.084717,0101,402.55,63.00,400.4447722876961,64.21725665511467,0.0029887085212568247
1788343814.524019,0101,400.04,63.00,400.1823331292687,64.22705105840078,0.002945808142756078
1788343825.6362185,0101,401.95,63.00,400.5377822501421,64.2174501848845,0.002976476256421689
1788343836.6978838,0101,398.53,63.00,399.7645080159916,64.22705105840078,0.0029810380278995087
1788343847.8361692,0101,400.85,63.00,400.25834685644315,64.22702946021019,0.0030029273286939014
1788343859.011908,0101,398.95,63.00,399.8719788943525,64.22705105840078,0.002815988088246666
1788343871.3219447,0101,398.92,63.00,399.8790351888243,64.22705105840078,0.0028159880882466662
1788343882.7463474,0101,397.94,63.00,399.3649605100013,64.22705105840079,0.0030333920681839405
1788343893.8546321,0101,398.41,63.00,399.7499512872132,64.22705105840078,0.0030667254015172736
1788343904.9666822,0101,400.51,63.00,400.2923732552951,64.22705105840079,0.0030121430149684116
1788343916.053676,0101,400.18,63.00,400.2280015429822,64.22705105840076,0.0029613867124474026
1788343927.4929907,0101,400.41,63.00,400.24141698194194,64.22705105840079,0.0030254763483017443
1788343939.8729553,0101,400.05,63.00,400.1823331292686,64.22705105840078,0.0029458081427560785
1788343951.0393915,0101,400.26,63.00,400.2672209798651,64.22705105840078,0.0030254763483017447
1788343962.0936735,0101,397.96,63.00,399.3877754981177,64.22705105840078,0.0030333920681839396
1788343973.1348448,0101,400.21,63.00,400.25966149838354,64.22705105840076,0.002995672426733117
1788343984.1549668,0101,399.85,63.00,400.26526187228455,64.22705105840079,0.0029262855228690036
1788343995.1912756,0101,399.55,63.00,399.83764928025175,64.22705105840078,0.0027880419640292247
1788344006.2263355,0101,401.43,63.00,400.1417972439048,64.21791819786097,0.003024497542075159
1788344017.6616073,0101,400.76,63.00,400.2801399482859,64.22702946021019,0.0030029273286939022
1788344028.7125719,0101,400.73,63.00,400.2791988919005,64.22702946021022,0.0030029273286939014
1788344040.0989997,0101,400.28,63.00,400.26722097986504,64.22705105840078,0.003025476348301744
1788344051.169597,0101,398.84,63.00,399.8338797789321,64.22705105840076,0.002888538027899508
1788344062.2583194,0101,399.17,63.00,399.917097760412,64.22705105840078,0.0027729949825868938
1788344073.6654296,0101,399.62,63.00,399.77493358787973,64.22705105840078,0.0028631894372460973
1788344084.7261066,0101,400.89,63.00,400.25834685644327,64.22702946021018,0.003002927328693902
1788344095.7538466,0101,401.98,63.00,400.5377822501421,64.2174501848845,0.002976476256421689
1788344107.094169,0101,399.39,63.00,399.90277335251557,64.22705105840078,0.0028013752973625582
1788344118.154194,0101,400.86,63.00,400.2583468564432,64.22702946021015,0.0030029273286939014
1788344129.258674,0101,401.56,63.00,400.1833964189667,64.21791819786094,0.0029875626761747755
1788344140.2928214,0101,397.82,63.00,399.3656271766679,64.22705105840078,0.0030333920681839405
1788344151.7222524,0101,402.03,63.00,400.5377822501421,64.21535557907534,0.00298554278154554
1788344163.0760698,0101,401.85,63.00,400.3717212131728,64.2174501848845,0.002976476256421689
1788344174.4323967,0101,400.50,63.00,400.2923732552951,64.22705105840079,0.0030121430149684116
1788344185.5076902,0101,400.44,63.00,400.2414169819419,64.22705105840078,0.003025476348301744
1788344196.5856736,0101,398.05,63.00,399.38101092935324,64.22705105840079,0.003033392068183941
1788344207.7827408,0101,399.82,63.00,400.12918660724097,64.22705105840078,0.0028878319569311368
1788344218.8477705,0101,399.99,63.00,400.1941997959352,64.22705105840078,0.002945808142756079
1788344230.2757802,0101,400.46,63.00,400.292373255295,64.22705105840076,0.0030121430149684107
1788344242.0101404,0101,399.32,63.00,399.93320264544485,64.22705105840078,0.0027863283159202277
1788344253.0391269,0101,397.93,63.00,399.36496051000125,64.22705105840078,0.0030333920681839405
1788344264.0526934,0101,398.83,63.00,399.83387977893204,64.22705105840078,0.002888538027899508
1788344275.0967863,0101,399.12,63.00,399.90825923776106,64.22705105840078,0.0027866053721972844
1788344286.152773,0101,400.69,63.00,400.27919889190036,64.22702946021015,0.0030029273286939014
1788344297.2385824,0101,399.40,63.00,399.90277335251557,64.22705105840078,0.002801375297362558
1788344308.2860396,0101,401.40,63.00,400.14179724390465,64.21791819786097,0.0030244975420751583
1788344319.355922,0101,401.33,63.00,400.1832280365553,64.21791819786097,0.0030244975420751588
1788344330.4090033,0101,399.30,63.00,399.9332026454448,64.22705105840078,0.0027729949825868933
1788344341.546794,0101,401.25,63.00,400.2137020225762,64.22702946021016,0.003058179999128777
1788344352.9112854,0101,400.98,63.00,400.2770646669377,64.2270294602102,0.0030029273286939014
1788344363.9729116,0101,399.24,63.00,399.9275977604121,64.22705105840078,0.002772994982586893
1788344375.6700683,0101,400.89,63.00,400.2583468564432,64.22702946021018,0.003002927328693901
1788344386.7066333,0101,398.82,63.00,399.8338797789321,64.22705105840078,0.002888538027899508
1788344397.7395964,0101,401.07,63.00,400.26145449532294,64.22702946021018,0.003051019085864606
1788344408.7713733,0101,401.04,63.00,400.27706466693775,64.22702946021019,0.0030100667049122246
1788344419.780572,0101,401.59,63.00,400.18339641896677,64.21791819786095,0.0029875626761747755
1788344430.9100397,0101,398.08,63.00,399.3716775960199,64.22705105840078,0.0030333920681839405
1788344442.2979872,0101,400.61,63.00,400.3035141092917,64.2270510584008,0.0030121430149684116
1788344453.3417633,0101,401.50,63.00,400.1225681507135,64.21791819786098,0.0029875626761747755
1788344464.370287,0101,399.24,63.00,399.927597760412,64.22705105840078,0.0027729949825868938
1788344475.4119942,0101,401.85,63.00,400.37172121317275,64.21745018488448,0.002976476256421689
1788344486.876895,0101,400.19,63.00,400.2280015429822,64.22705105840078,0.0029613867124474026
1788344497.9977238,0101,401.28,63.00,400.1843391476665,64.21791819786098,0.0030244975420751588
1788344509.0474737,0101,398.18,63.00,399.6017736790832,64.22705105840078,0.0030333920681839405
1788344520.451191,0101,401.04,63.00,400.27706466693775,64.22702946021016,0.003010066704912225
1788344531.5168326,0101,400.51,63.00,400.29237325529505,64.22705105840079,0.003012143014968411
1788344542.666872,0101,401.73,63.00,400.1233613671881,64.21601685155115,0.0029875626761747764
1788344554.0846348,0101,401.73,63.00,400.1233613671881,64.21601685155115,0.0029875626761747755
1788344565.4317434,0101,402.13,63.00,400.5402629304939,64.21535557907534,0.0030236271558789986
1788344576.5525324,0101,402.50,63.00,400.4561056210294,64.21725665511468,0.003002041854590159
1788344587.8947556,0101,399.94,63.00,400.2565952056178,64.2270510584008,0.002932693180526662
1788344598.9384015,0101,398.37,63.00,399.7499512872132,64.22705105840078,0.0030667254015172736
1788344610.6296077,0101,400.38,63.00,400.2548058708308,64.22705105840078,0.003025476348301745
1788344625.018522,0101,399.67,63.00,399.9627882467349,64.22705105840078,0.0028631894372460973
1788344637.1119368,0101,398.62,63.00,399.7926635999018,64.22705105840078,0.0029118713612328413
1788344649.7557793,0101,398.09,63.00,399.3716775960199,64.22705105840076,0.0030333920681839405
1788344661.6969612,0101,398.32,63.00,399.7499512872132,64.22705105840078,0.0030333920681839405
1788344676.0115097,0101,399.41,63.00,399.8814400191822,64.22705105840079,0.0028013752973625582
1788344689.6409805,0101,398.90,63.00,399.8563685221577,64.22705105840078,0.0028265941488527274
1788344702.958577,0101,399.45,63.00,399.87136039136277,64.22705105840078,0.0027880419640292243
1788344717.2825055,0101,398.46,63.00,399.7645080159917,64.22705105840076,0.003057508616134803
1788344728.7431624,0101,401.30,63.00,400.1843391476665,64.21791819786095,0.0030244975420751588
1788344740.4367146,0101,398.92,63.00,399.8790351888243,64.22705105840078,0.0028159880882466662
1788344752.142635,0101,398.62,63.00,399.7926635999017,64.22705105840078,0.0029118713612328417
1788344765.0232036,0101,400.54,63.00,400.29237325529505,64.22705105840075,0.003012143014968411
1788344778.877473,0101,399.02,63.00,399.89264556101915,64.22705105840075,0.002786605372197284
1788344792.2111273,0101,400.47,63.00,400.29237325529516,64.22705105840076,0.0030121430149684116
1788344809.487291,0101,402.30,63.00,400.4910570276074,64.21725665511467,0.0030445836278116343
1788344827.6825523,0101,398.45,63.00,399.7645080159917,64.22705105840079,0.003057508616134803
1788344845.1160066,0101,401.19,63.00,400.21370202257623,64.22702946021018,0.003058179999128777
1788344856.2460666,0101,398.86,63.00,399.8563685221577,64.22705105840078,0.0028265941488527266
1788344868.3731556,0101,398.16,63.00,399.6017736790832,64.22705105840078,0.0030333920681839405
1788344883.4174912,0101,399.60,63.00,399.7679335878798,64.22705105840078,0.0028631894372460973
1788344899.455069,0101,401.47,63.00,400.12256815071356,64.21791819786095,0.0029875626761747755
1788344910.9255438,0101,400.55,63.00,400.29237325529505,64.22705105840078,0.0030121430149684107
1788344924.387228,0101,400.96,63.00,400.2770646669377,64.22702946021018,0.003002927328693901
1788344938.6125793,0101,398.98,63.00,399.8819788943525,64.22705105840079,0.002815988088246666
1788344956.31671,0101,398.47,63.00,399.76450801599174,64.22705105840078,0.003057508616134803
1788344968.2788675,0101,398.61,63.00,399.79266359990174,64.22705105840078,0.002911871361232842
1788344979.7258942,0101,398.30,63.00,399.74417350943537,64.2270510584008,0.0030333920681839405
1788344994.8710427,0101,397.54,63.00,399.3669605100012,64.22705105840078,0.0030333920681839405
1788345007.8412852,0101,400.75,63.00,400.27919889190036,64.22702946021018,0.003002927328693901
1788345020.4345617,0101,398.25,63.00,399.74417350943537,64.22705105840079,0.003033392068183941
1788345032.5891018,0101,398.76,63.00,399.8338797789321,64.22705105840078,0.002888538027899508
1788345049.0303426,0101,398.45,63.00,399.7645080159917,64.22705105840078,0.0030575086161348025
1788345060.3480582,0101,399.83,63.00,400.129186607241,64.22705105840078,0.0028878319569311368
1788345073.0070775,0101,399.44,63.00,399.88144001918226,64.22705105840079,0.002801375297362558
1788345084.9020889,0101,398.01,63.00,399.3810109293531,64.22705105840076,0.0030333920681839405
1788345097.2205288,0101,399.73,63.00,399.9518015800682,64.22705105840078,0.0028631894372460978
1788345109.2792666,0101,399.36,63.00,399.9027733525156,64.22705105840078,0.002801375297362558
1788345120.3275409,0101,398.23,63.00,399.74417350943537,64.22705105840078,0.0030333920681839405
1788345131.3951192,0101,402.24,63.00,400.5579101893053,64.21535557907535,0.003059908187753886
1788345142.7535262,0101,399.01,63.00,399.8926455610192,64.22705105840078,0.0027866053721972836
1788345154.1977193,0101,401.07,63.00,400.2614544953228,64.22702946021016,0.0030510190858646057
1788345165.3247952,0101,399.69,63.00,399.9627882467349,64.22705105840078,0.0028631894372460973
1788345176.8881109,0101,400.84,63.00,400.30537926452513,64.22702946021019,0.003002927328693901
1788345188.3526597,0101,400.67,63.00,400.2791988919003,64.22702946021019,0.003002927328693902
1788345200.1031523,0101,398.95,63.00,399.8719788943525,64.22705105840082,0.0028159880882466667
1788345211.1676412,0101,399.32,63.00,399.93320264544485,64.22705105840073,0.002786328315920227
1788345222.2504084,0101,399.01,63.00,399.8926455610192,64.22705105840078,0.0027866053721972836
1788345233.6894464,0101,400.13,63.00,400.19754482361446,64.22705105840078,0.0029613867124474035
1788345244.7063475,0101,401.16,63.00,400.2137020225761,64.22702946021018,0.0030581799991287765
1788345255.8112288,0101,401.08,63.00,400.2614544953229,64.22702946021016,0.003051019085864606
1788345267.2611551,0101,398.20,63.00,399.7441735094354,64.22705105840078,0.0030333920681839405
1788345278.380262,0101,401.38,63.00,400.14179724390476,64.21791819786097,0.0030244975420751588
1788345289.843165,0101,399.48,63.00,399.8713603913627,64.22705105840078,0.002788041964029225
1788345300.8551342,0101,398.50,63.00,399.7645080159916,64.22705105840078,0.0030575086161348025
1788345311.9222705,0101,401.18,63.00,400.2137020225763,64.22702946021018,0.0030581799991287774
1788345322.9735928,0101,400.29,63.00,400.2672209798651,64.22705105840078,0.0030254763483017443
1788345334.0335674,0101,401.98,63.00,400.5377822501421,64.2174501848845,0.002976476256421689
1788345345.0893757,0101,400.38,63.00,400.2548058708308,64.22705105840078,0.0030254763483017443
1788345357.146628,0101,397.90,63.00,399.3656271766679,64.22705105840078,0.0030333920681839405
1788345368.5410776,0101,399.19,63.00,399.917097760412,64.22705105840079,0.0027729949825868933
1788345379.6019835,0101,398.23,63.00,399.74417350943537,64.22705105840078,0.0030333920681839405
1788345390.9548106,0101,399.28,63.00,399.9332026454448,64.22705105840078,0.002772994982586894
1788345402.361064,0101,400.27,63.00,400.2672209798651,64.22705105840078,0.0030254763483017443
1788345413.7210267,0101,401.73,63.00,400.1233613671881,64.21601685155115,0.0029875626761747764
1788345425.9406917,0101,398.78,63.00,399.83387977893204,64.22705105840078,0.0028885380278995086
1788345437.3365135,0101,401.73,63.00,400.1233613671881,64.21601685155115,0.0029875626761747755
1788345448.5584342,0101,402.07,63.00,400.5369295971606,64.21535557907536,0.0030236271558789986
1788345459.764618,0101,401.73,63.00,400.12336136718807,64.21601685155115,0.0029875626761747755
1788345471.1570537,0101,400.66,63.00,400.27919889190036,64.2270294602102,0.003002927328693902
1788345482.221699,0101,400.61,63.00,400.30351410929177,64.22705105840078,0.0030121430149684107
1788345493.592139,0101,401.36,63.00,400.14179724390476,64.21791819786095,0.0030244975420751596
1788345504.9656856,0101,399.31,63.00,399.93320264544485,64.22705105840079,0.0027863283159202273
1788345516.027815,0101,401.39,63.00,400.1417972439047,64.21791819786098,0.0030244975420751588
1788345527.4416614,0101,399.67,63.00,399.9627882467349,64.22705105840078,0.0028631894372460973
1788345538.4897308,0101,401.33,63.00,400.18322803655553,64.21791819786097,0.003024497542075159
1788345549.632414,0101,399.28,63.00,399.9332026454448,64.22705105840078,0.002772994982586894
1788345561.012962,0101,399.21,63.00,399.9275977604121,64.22705105840078,0.0027729949825868938
1788345572.0307822,0101,398.16,63.00,399.601773679083,64.22705105840078,0.0030333920681839405
1788345583.0655732,0101,398.12,63.00,399.37167759601994,64.22705105840078,0.0030333920681839405
1788345594.0980566,0101,398.73,63.00,399.7948247166416,64.22705105840078,0.002888538027899508
1788345605.1352665,0101,398.87,63.00,399.8563685221577,64.22705105840078,0.002826594148852727
1788345616.1777828,0101,399.86,63.00,400.26526187228455,64.22705105840078,0.0029262855228690044
1788345627.2326243,0101,400.05,63.00,400.1823331292687,64.22705105840078,0.002945808142756079
1788345639.032979,0101,401.57,63.00,400.1833964189667,64.21791819786098,0.002987562676174776
1788345650.0606527,0101,401.01,63.00,400.27706466693775,64.22702946021018,0.0030100667049122246
1788345661.0781903,0101,398.46,63.00,399.76450801599174,64.22705105840076,0.0030575086161348025
1788345672.1498559,0101,400.96,63.00,400.2770646669377,64.22702946021018,0.0030029273286939014
1788345684.1759093,0101,400.53,63.00,400.29237325529505,64.22705105840078,0.0030121430149684107
1788345695.5798206,0101,401.45,63.00,400.12256815071356,64.21791819786097,0.0029875626761747755
1788345706.6447008,0101,400.79,63.00,400.2801399482859,64.22702946021018,0.0030029273286939014
1788345717.719608,0101,398.84,63.00,399.8338797789321,64.22705105840078,0.002888538027899508
1788345729.1989148,0101,401.26,63.00,400.18433914766655,64.21791819786097,0.0030244975420751588
1788345740.6360302,0101,400.72,63.00,400.27919889190036,64.22702946021022,0.003002927328693902
1788345751.7790062,0101,401.05,63.00,400.2770646669377,64.22702946021016,0.0030100667049122246
1788345763.2120068,0101,400.51,63.00,400.29237325529505,64.22705105840078,0.0030121430149684116
1788345774.565978,0101,400.43,63.00,400.241416981942,64.22705105840078,0.003025476348301744
1788345785.6780493,0101,401.78,63.00,400.1833423675439,64.21745018488447,0.002976476256421689
1788345796.7001474,0101,402.04,63.00,400.537782250142,64.21535557907535,0.0029855427815455395
1788345807.7694733,0101,400.76,63.00,400.2801399482858,64.22702946021018,0.003002927328693901
1788345819.1277335,0101,399.89,63.00,400.26526187228444,64.22705105840078,0.002926285522869004
1788345830.1496027,0101,401.77,63.00,400.1833423675439,64.21745018488446,0.002976476256421689
1788345841.906626,0101,399.84,63.00,400.1291866072411,64.22705105840079,0.0028878319569311368
1788345852.9936128,0101,399.83,63.00,400.12918660724114,64.22705105840078,0.0028878319569311368
1788345864.0574021,0101,399.26,63.00,399.9332026454448,64.22705105840078,0.002772994982586894
1788345875.764455,0101,398.57,63.00,399.7926635999018,64.22705105840076,0.0029677046945661744
1788345887.1523,0101,398.69,63.00,399.7948247166417,64.22705105840078,0.002888538027899508
1788345898.9698892,0101,399.68,63.00,399.9627882467349,64.22705105840076,0.0028631894372460973
1788345910.0217943,0101,401.26,63.00,400.18433914766644,64.21791819786094,0.0030244975420751596
1788345921.0495293,0101,401.11,63.00,400.26145449532277,64.22702946021019,0.0030510190858646057
1788345932.4846625,0101,398.63,63.00,399.79266359990174,64.22705105840078,0.0029118713612328417
1788345943.8954997,0101,400.87,63.00,400.2583468564432,64.2270294602102,0.003002927328693902
1788345954.9568841,0101,401.52,63.00,400.1225681507135,64.21791819786095,0.002987562676174776
1788345965.9811018,0101,401.05,63.00,400.27706466693775,64.22702946021019,0.003010066704912225
1788345977.055647,0101,399.34,63.00,399.9332026454448,64.22705105840076,0.0027863283159202273
1788345988.4236507,0101,400.60,63.00,400.314847442625,64.22705105840075,0.0030121430149684116
1788346000.0184937,0101,401.41,63.00,400.1417972439047,64.21791819786095,0.003024497542075159
1788346011.0651126,0101,397.83,63.00,399.3656271766679,64.22705105840078,0.0030333920681839405
1788346022.1076431,0101,397.84,63.00,399.3656271766679,64.22705105840078,0.003033392068183941
1788346033.1645339,0101,401.04,63.00,400.27706466693763,64.22702946021019,0.0030100667049122246
1788346044.218048,0101,401.46,63.00,400.1225681507135,64.21791819786097,0.0029875626761747755
1788346056.3257005,0101,398.40,63.00,399.74995128721315,64.22705105840078,0.003066725401517274
1788346068.0765142,0101,401.97,63.00,400.5377822501421,64.21745018488448,0.00297647625642169
1788346079.1246164,0101,401.82,63.00,400.1833423675439,64.21745018488448,0.002976476256421689
1788346090.1706774,0101,399.07,63.00,399.899783047285,64.22705105840078,0.0027866053721972836
1788346101.5711298,0101,401.14,63.00,400.2614544953229,64.22702946021018,0.003051019085864606
1788346112.6373422,0101,401.65,63.00,400.1662340258043,64.21791819786097,0.002987562676174776
1788346123.695249,0101,399.36,63.00,399.9027733525156,64.22705105840078,0.0028013752973625574
1788346134.761137,0101,400.35,63.00,400.2548058708308,64.22705105840078,0.0030254763483017447
1788346145.812906,0101,401.22,63.00,400.2137020225763,64.22702946021018,0.003058179999128777
1788346157.2534199,0101,398.83,63.00,399.83387977893216,64.22705105840078,0.0028885380278995086
1788346168.354475,0101,399.86,63.00,400.26526187228455,64.22705105840078,0.0029262855228690044
1788346179.7344873,0101,398.51,63.00,399.7645080159916,64.22705105840078,0.0029810380278995083
1788346190.8300352,0101,400.45,63.00,400.2923732552951,64.22705105840079,0.0030121430149684107
1788346202.2901616,0101,398.01,63.00,399.3810109293532,64.22705105840078,0.0030333920681839405
1788346213.365074,0101,401.95,63.00,400.5377822501421,64.2174501848845,0.0029764762564216886
1788346224.426503,0101,401.59,63.00,400.1833964189667,64.21791819786098,0.0029875626761747755
1788346236.190269,0101,401.87,63.00,400.3717212131728,64.21745018488448,0.002976476256421689
1788346247.5559206,0101,401.01,63.00,400.2770646669377,64.22702946021015,0.0030100667049122246
1788346258.9985497,0101,399.07,63.00,399.8997830472849,64.22705105840078,0.0027866053721972836
1788346270.1815457,0101,401.28,63.00,400.1843391476665,64.21791819786098,0.0030244975420751596
1788346281.273341,0101,399.73,63.00,399.95180158006826,64.22705105840076,0.0028631894372460973
1788346292.3334405,0101,400.21,63.00,400.2596614983836,64.22705105840078,0.002995672426733117
1788346303.7526717,0101,401.07,63.00,400.2614544953228,64.22702946021018,0.0030510190858646065
1788346315.1354008,0101,398.41,63.00,399.7499512872131,64.22705105840079,0.003066725401517274
1788346326.7139978,0101,398.98,63.00,399.8819788943525,64.22705105840076,0.002815988088246666
1788346337.793563,0101,399.13,63.00,399.9082592377612,64.22705105840079,0.0027866053721972836
1788346348.8376205,0101,401.61,63.00,400.1662340258043,64.21791819786098,0.0029875626761747755
1788346359.9073374,0101,400.14,63.00,400.19754482361446,64.22705105840076,0.0029613867124474026
1788346371.3446267,0101,398.70,63.00,399.7948247166417,64.22705105840078,0.0028885380278995077
1788346382.410157,0101,400.27,63.00,400.2672209798651,64.22705105840078,0.0030254763483017443
1788346393.8056483,0101,400.73,63.00,400.2791988919004,64.22702946021018,0.003002927328693901
1788346405.2437487,0101,399.41,63.00,399.8814400191822,64.22705105840076,0.0028013752973625582
1788346416.3412085,0101,399.56,63.00,399.7679335878797,64.22705105840078,0.0028631894372460973
1788346427.3847878,0101,399.03,63.00,399.8926455610192,64.22705105840078,0.0027866053721972836
1788346438.786308,0101,400.45,63.00,400.2923732552951,64.22705105840076,0.0030121430149684116
1788346449.846643,0101,401.06,63.00,400.2614544953228,64.22702946021015,0.0030510190858646052
1788346460.9601185,0101,398.12,63.00,399.3716775960199,64.22705105840076,0.003033392068183941
1788346472.0755935,0101,399.45,63.00,399.8713603913629,64.22705105840078,0.0027880419640292243
1788346483.126304,0101,399.46,63.00,399.8713603913628,64.2270510584008,0.0027880419640292247
1788346494.4982169,0101,401.15,63.00,400.26145449532277,64.22702946021019,0.0030510190858646057
1788346505.623815,0101,399.94,63.00,400.2565952056178,64.22705105840078,0.0029326931805266614
1788346517.076672,0101,400.58,63.00,400.308847442625,64.22705105840078,0.0030121430149684116
1788346528.1638632,0101,399.09,63.00,399.899783047285,64.2270510584008,0.0027866053721972836
1788346539.266703,0101,398.78,63.00,399.8338797789321,64.22705105840078,0.002888538027899508
1788346550.3363903,0101,398.51,63.00,399.7645080159917,64.22705105840079,0.0029810380278995083
1788346561.4066458,0101,398.85,63.00,399.8563685221577,64.22705105840078,0.0028265941488527266
1788346572.4478688,0101,398.98,63.00,399.8819788943525,64.22705105840078,0.0028159880882466662
1788346583.8547664,0101,398.19,63.00,399.6017736790832,64.22705105840078,0.00303339206818394
1788346594.9119308,0101,400.35,63.00,400.25480587083075,64.22705105840078,0.0030254763483017443
1788346606.01463,0101,399.86,63.00,400.26526187228444,64.22705105840079,0.0029262855228690036
1788346617.0994022,0101,399.53,63.00,399.8376492802517,64.22705105840078,0.0027880419640292247
1788346629.407545,0101,399.56,63.00,399.7679335878798,64.22705105840078,0.0028631894372460973
1788346640.4836276,0101,399.37,63.00,399.9027733525155,64.22705105840078,0.0028013752973625582
1788346651.6455526,0101,398.67,63.00,399.7948247166416,64.22705105840076,0.002888538027899508
1788346662.7394238,0101,399.92,63.00,400.25659520561777,64.22705105840078,0.002932693180526662
1788346674.1473467,0101,398.75,63.00,399.79482471664164,64.22705105840078,0.002888538027899508
1788346685.2000735,0101,398.33,63.00,399.74995128721315,64.22705105840078,0.0030333920681839405
1788346696.240788,0101,398.55,63.00,399.7645080159917,64.22705105840076,0.0029810380278995087
1788346707.9145992,0101,400.11,63.00,400.19754482361446,64.22705105840075,0.0029613867124474026
1788346719.4858484,0101,398.32,63.00,399.74995128721315,64.22705105840078,0.0030333920681839405
1788346730.5467384,0101,399.21,63.00,399.9275977604121,64.22705105840078,0.002772994982586894
1788346741.9663317,0101,400.83,63.00,400.3053792645252,64.22702946021016,0.003002927328693901
1788346753.4785788,0101,399.05,63.00,399.8926455610191,64.22705105840078,0.002786605372197284
1788346764.9376068,0101,400.18,63.00,400.2280015429821,64.22705105840079,0.0029613867124474026
1788346775.982361,0101,399.22,63.00,399.92759776041197,64.2270510584008,0.002772994982586894
1788346787.4344327,0101,402.41,63.00,400.4476364866718,64.21725665511468,0.0030020418545901586
1788346798.8128798,0101,398.58,63.00,399.79266359990174,64.22705105840078,0.0029677046945661752
1788346810.1963055,0101,400.21,63.00,400.25966149838354,64.22705105840078,0.002995672426733117
1788346821.2852986,0101,398.52,63.00,399.7645080159916,64.22705105840076,0.0029810380278995087
1788346832.9326198,0101,398.69,63.00,399.7948247166416,64.22705105840076,0.002888538027899508
1788346844.0600638,0101,401.43,63.00,400.1417972439047,64.21791819786095,0.003024497542075159
1788346855.0932443,0101,401.00,63.00,400.27706466693775,64.22702946021018,0.0030029273286939014
1788346867.0346668,0101,397.63,63.00,399.3669605100012,64.22705105840078,0.0030333920681839405
1788346878.3195658,0101,400.04,63.00,400.18233312926867,64.22705105840075,0.002945808142756079
1788346890.0182915,0101,398.29,63.00,399.7441735094353,64.22705105840078,0.0030333920681839405
1788346901.2721674,0101,401.10,63.00,400.2614544953228,64.2270294602102,0.0030510190858646057
1788346912.4722633,0101,397.55,63.00,399.36696051000126,64.22705105840078,0.00303339206818394
1788346923.8482745,0101,398.86,63.00,399.85636852215765,64.22705105840082,0.0028265941488527274
1788346934.9142215,0101,399.11,63.00,399.90825923776106,64.22705105840078,0.002786605372197283
1788346946.3593266,0101,400.43,63.00,400.24141698194194,64.22705105840076,0.0030254763483017443
1788346957.800977,0101,401.19,63.00,400.2137020225763,64.22702946021019,0.003058179999128777
1788346968.9896934,0101,398.57,63.00,399.79266359990174,64.22705105840075,0.0029677046945661752
1788346980.0553937,0101,399.72,63.00,399.95180158006826,64.22705105840076,0.0028631894372460973
1788346991.1192553,0101,398.30,63.00,399.74417350943537,64.22705105840078,0.0030333920681839405
1788347002.5358465,0101,401.68,63.00,400.1056947005214,64.21791819786097,0.002987562676174776
1788347013.6185615,0101,398.16,63.00,399.60177367908307,64.22705105840078,0.003033392068183941
1788347024.99616,0101,401.40,63.00,400.1417972439047,64.21791819786095,0.0030244975420751588
1788347036.3830922,0101,398.34,63.00,399.7499512872132,64.22705105840076,0.0030333920681839405
1788347047.4273431,0101,401.35,63.00,400.14179724390476,64.21791819786095,0.0030244975420751588
1788347058.5908892,0101,399.72,63.00,399.9518015800682,64.22705105840078,0.0028631894372460973
1788347069.6291018,0101,400.17,63.00,400.22800154298216,64.22705105840078,0.002961386712447403
1788347081.040829,0101,398.55,63.00,399.7645080159918,64.22705105840078,0.0029810380278995083
1788347092.1232204,0101,400.35,63.00,400.2548058708307,64.22705105840078,0.0030254763483017443
1788347103.1787736,0101,399.51,63.00,399.8376492802517,64.22705105840078,0.0027880419640292247
1788347115.1647131,0101,399.16,63.00,399.91709776041205,64.22705105840078,0.0027729949825868938
1788347127.9425094,0101,399.91,63.00,400.2565952056178,64.22705105840079,0.002932693180526662
1788347139.7630317,0101,399.99,63.00,400.19419979593533,64.22705105840073,0.0029458081427560785
1788347150.8570015,0101,399.77,63.00,400.1198532739077,64.22705105840078,0.0028744986235978032
1788347161.9207413,0101,397.93,63.00,399.3649605100013,64.22705105840076,0.0030333920681839405
1788347173.0225558,0101,398.95,63.00,399.8719788943525,64.22705105840076,0.0028159880882466662
1788347184.1021757,0101,401.03,63.00,400.2770646669377,64.22702946021018,0.0030100667049122254
1788347195.17051,0101,402.19,63.00,400.5484657448609,64.21535557907534,0.003059908187753885
1788347206.2174015,0101,400.78,63.00,400.28013994828586,64.22702946021018,0.0030029273286939014
1788347217.9115534,0101,399.21,63.00,399.927597760412,64.22705105840076,0.0027729949825868946
1788347228.9304464,0101,397.99,63.00,399.3877754981177,64.22705105840078,0.0030333920681839405
1788347240.3229952,0101,397.65,63.00,399.36696051000126,64.22705105840076,0.0030333920681839405
1788347251.433276,0101,399.33,63.00,399.93320264544485,64.22705105840078,0.0027863283159202273
1788347262.474192,0101,399.02,63.00,399.8926455610192,64.22705105840078,0.002786605372197284
1788347273.6836586,0101,398.74,63.00,399.7948247166416,64.22705105840078,0.002888538027899508
1788347284.8458796,0101,401.23,63.00,400.21370202257623,64.22702946021018,0.0030581799991287774
1788347296.2207859,0101,400.63,63.00,400.30351410929165,64.22705105840078,0.003012143014968411
1788347307.2538455,0101,398.46,63.00,399.7645080159916,64.22705105840078,0.003057508616134803
1788347318.6192687,0101,399.04,63.00,399.89264556101915,64.22705105840076,0.002786605372197284
1788347330.024851,0101,399.60,63.00,399.7679335878797,64.22705105840076,0.0028631894372460973
1788347341.1142056,0101,397.97,63.00,399.3877754981178,64.22705105840079,0.00303339206818394
1788347352.553143,0101,400.57,63.00,400.308847442625,64.22705105840078,0.003012143014968411
1788347363.5854225,0101,398.50,63.00,399.7645080159916,64.22705105840078,0.0030575086161348025
1788347375.030865,0101,400.63,63.00,400.3035141092917,64.22705105840079,0.0030121430149684116
1788347386.0960512,0101,397.90,63.00,399.3656271766679,64.22705105840078,0.0030333920681839405
1788347397.144542,0101,400.34,63.00,400.26722097986504,64.22705105840079,0.0030254763483017443
1788347408.3222556,0101,399.77,63.00,400.1198532739077,64.22705105840078,0.002874498623597803
1788347419.7174795,0101,399.75,63.00,399.9518015800682,64.22705105840075,0.0028631894372460973
1788347430.9245985,0101,399.28,63.00,399.9332026454448,64.22705105840078,0.002772994982586894
1788347442.6378708,0101,399.03,63.00,399.8926455610192,64.22705105840078,0.002786605372197283
1788347453.791505,0101,398.89,63.00,399.85636852215765,64.22705105840078,0.0028265941488527274
1788347464.9604032,0101,400.04,63.00,400.18233312926867,64.22705105840078,0.0029458081427560785
1788347476.0521991,0101,398.78,63.00,399.8338797789321,64.22705105840078,0.002888538027899508
1788347488.0079348,0101,400.61,63.00,400.30351410929165,64.22705105840078,0.003012143014968411
1788347499.7358155,0101,401.75,63.00,400.1233613671882,64.21601685155115,0.0029875626761747755
1788347511.5342171,0101,399.00,63.00,399.8819788943525,64.22705105840076,0.0028159880882466662
1788347522.5601332,0101,399.43,63.00,399.88144001918226,64.22705105840076,0.002801375297362558
1788347533.9549856,0101,402.12,63.00,400.5402629304939,64.21535557907536,0.003023627155878999
1788347545.028062,0101,401.68,63.00,400.1056947005215,64.21791819786097,0.002987562676174776
1788347556.0474377,0101,400.71,63.00,400.27919889190036,64.22702946021019,0.003002927328693901
1788347567.140143,0101,402.00,63.00,400.5377822501421,64.21745018488448,0.0029764762564216895
1788347578.5897455,0101,400.61,63.00,400.30351410929165,64.22705105840078,0.003012143014968411
1788347589.9802687,0101,402.06,63.00,400.5369295971605,64.21535557907536,0.0030236271558789986
1788347601.3164148,0101,401.82,63.00,400.1833423675439,64.21745018488446,0.0029764762564216886
1788347612.372663,0101,399.38,63.00,399.90277335251557,64.22705105840078,0.002801375297362558
1788347623.7366626,0101,400.15,63.00,400.19754482361446,64.2270510584008,0.002961386712447403
1788347634.7976632,0101,401.16,63.00,400.21370202257623,64.2270294602102,0.0030581799991287774
1788347646.195138,0101,399.78,63.00,400.1198532739077,64.22705105840078,0.0028744986235978037
1788347657.2343333,0101,397.96,63.00,399.3877754981178,64.22705105840079,0.0030333920681839405
1788347668.5165846,0101,401.84,63.00,400.1833423675439,64.21745018488446,0.00297647625642169
1788347679.7791464,0101,399.56,63.00,399.7679335878797,64.22705105840076,0.0028631894372460978
1788347690.837697,0101,399.77,63.00,400.1198532739077,64.22705105840078,0.0028744986235978037
1788347702.3566692,0101,401.87,63.00,400.3717212131728,64.21745018488448,0.0029764762564216895
1788347714.3320684,0101,398.71,63.00,399.79482471664164,64.22705105840078,0.002888538027899508
1788347725.3818877,0101,399.35,63.00,399.90277335251557,64.22705105840078,0.0028013752973625574
1788347736.719873,0101,400.04,63.00,400.18233312926867,64.22705105840078,0.002945808142756079
1788347747.7763748,0101,401.90,63.00,400.3717212131728,64.2174501848845,0.0029764762564216895
1788347758.8326802,0101,401.41,63.00,400.1417972439047,64.21791819786097,0.0030244975420751588
1788347770.3652604,0101,398.51,63.00,399.7645080159916,64.22705105840078,0.002981038027899508
1788347781.3843868,0101,398.27,63.00,399.7441735094353,64.22705105840078,0.0030333920681839405
1788347792.821915,0101,401.05,63.00,400.27706466693775,64.22702946021018,0.003010066704912225
1788347803.8825839,0101,400.60,63.00,400.314847442625,64.22705105840075,0.0030121430149684107
1788347815.6069927,0101,401.18,63.00,400.21370202257623,64.22702946021015,0.003058179999128777
1788347826.7436838,0101,398.40,63.00,399.74995128721315,64.22705105840078,0.0030667254015172736
1788347837.7821267,0101,401.26,63.00,400.1843391476665,64.21791819786094,0.003024497542075159
1788347849.0112548,0101,401.88,63.00,400.3717212131727,64.21745018488448,0.0029764762564216903
1788347860.3829246,0101,399.04,63.00,399.89264556101915,64.22705105840078,0.0027866053721972836
1788347871.8491254,0101,401.55,63.00,400.1225681507137,64.21791819786097,0.0029875626761747755
1788347883.2118123,0101,398.48,63.00,399.7645080159916,64.22705105840078,0.0030575086161348025
1788347895.0017972,0101,399.31,63.00,399.93320264544485,64.22705105840078,0.002786328315920227
1788347906.0387425,0101,398.26,63.00,399.7441735094353,64.22705105840076,0.00303339206818394
1788347917.0750303,0101,401.28,63.00,400.1843391476665,64.21791819786097,0.003024497542075159
1788347928.1550791,0101,401.17,63.00,400.21370202257623,64.22702946021016,0.003058179999128777
1788347939.2077665,0101,401.54,63.00,400.1225681507135,64.21791819786097,0.0029875626761747764
1788347950.7359223,0101,401.69,63.00,400.10569470052144,64.21791819786097,0.002987562676174776
1788347963.6063857,0101,400.93,63.00,400.25834685644315,64.22702946021018,0.0030029273286939014
1788347975.0428696,0101,398.33,63.00,399.74995128721315,64.22705105840078,0.0030333920681839405
1788347986.5654206,0101,401.67,63.00,400.10569470052155,64.21791819786097,0.002987562676174776
1788347997.6138039,0101,399.74,63.00,399.9518015800682,64.22705105840076,0.0028631894372460973
1788348008.7395601,0101,401.98,63.00,400.5377822501421,64.21745018488448,0.002976476256421689
1788348020.3118272,0101,400.43,63.00,400.2414169819417,64.22705105840078,0.0030254763483017443
1788348031.682364,0101,400.71,63.00,400.27919889190036,64.2270294602102,0.0030029273286939014
1788348042.731762,0101,401.34,63.00,400.18322803655536,64.21791819786095,0.003024497542075159
1788348053.785341,0101,402.08,63.00,400.53692959716057,64.21535557907535,0.003023627155878999
1788348064.9392028,0101,400.52,63.00,400.29237325529505,64.22705105840078,0.0030121430149684107
1788348075.9720688,0101,399.49,63.00,399.87136039136277,64.22705105840078,0.0027880419640292247
1788348087.389128,0101,401.52,63.00,400.12256815071356,64.21791819786098,0.0029875626761747764
1788348098.7963827,0101,399.22,63.00,399.92759776041197,64.22705105840079,0.0027729949825868938
1788348110.198469,0101,400.72,63.00,400.27919889190036,64.22702946021018,0.0030029273286939014
1788348121.2408552,0101,398.96,63.00,399.8819788943525,64.22705105840078,0.0028159880882466662
1788348132.3798864,0101,401.60,63.00,400.18339641896677,64.21791819786097,0.002987562676174776
1788348144.1497738,0101,402.09,63.00,400.53692959716057,64.21535557907535,0.0030236271558789986
1788348155.258338,0101,401.22,63.00,400.2137020225763,64.22702946021019,0.003058179999128777
1788348166.599165,0101,400.83,63.00,400.3053792645253,64.22702946021016,0.003002927328693901
1788348177.9557793,0101,401.32,63.00,400.1832280365555,64.21791819786097,0.003024497542075159
1788348189.0544875,0101,398.88,63.00,399.85636852215765,64.22705105840076,0.002826594148852727
1788348200.766898,0101,398.65,63.00,399.79266359990174,64.22705105840078,0.0029118713612328426
1788348211.8143227,0101,400.70,63.00,400.27919889190036,64.22702946021016,0.0030029273286939014
1788348222.8443348,0101,398.24,63.00,399.74417350943537,64.22705105840078,0.0030333920681839405
1788348234.055447,0101,400.80,63.00,400.28013994828586,64.22702946021018,0.0030029273286939005
1788348245.213633,0101,398.19,63.00,399.6017736790831,64.22705105840078,0.0030333920681839405
1788348256.3643713,0101,401.29,63.00,400.18433914766655,64.2179181978609,0.0030244975420751596
1788348267.747651,0101,399.28,63.00,399.93320264544485,64.22705105840078,0.002772994982586894
1788348279.1542003,0101,397.79,63.00,399.36696051000126,64.22705105840076,0.0030333920681839405
1788348290.220565,0101,401.47,63.00,400.1225681507137,64.21791819786095,0.0029875626761747755
1788348301.2668374,0101,401.02,63.00,400.2770646669378,64.22702946021018,0.0030100667049122246
1788348312.3118415,0101,399.36,63.00,399.9027733525155,64.22705105840076,0.0028013752973625574
1788348324.0501652,0101,398.69,63.00,399.7948247166416,64.22705105840078,0.002888538027899508
1788348335.106483,0101,398.94,63.00,399.8790351888243,64.22705105840078,0.002815988088246666
1788348346.2181492,0101,399.62,63.00,399.7749335878798,64.22705105840078,0.0028631894372460978
1788348357.6250083,0101,398.89,63.00,399.8563685221577,64.22705105840078,0.002826594148852727
1788348368.9771945,0101,401.27,63.00,400.1843391476665,64.21791819786097,0.0030244975420751588
1788348380.3658493,0101,399.10,63.00,399.8997830472849,64.22705105840078,0.0027866053721972836
1788348391.7341676,0101,399.85,63.00,400.2652618722845,64.22705105840078,0.0029262855228690036
1788348403.1044173,0101,400.42,63.00,400.24141698194194,64.22705105840078,0.0030254763483017443
1788348414.5688515,0101,400.41,63.00,400.24141698194194,64.22705105840078,0.003025476348301744
1788348425.972022,0101,399.38,63.00,399.90277335251557,64.22705105840078,0.0028013752973625574
1788348437.397392,0101,400.54,63.00,400.29237325529516,64.22705105840078,0.0030121430149684107
1788348448.6880202,0101,400.77,63.00,400.2801399482859,64.22702946021019,0.0030029273286939014
1788348459.7619693,0101,400.42,63.00,400.2414169819419,64.22705105840078,0.0030254763483017447
1788348471.033799,0101,399.36,63.00,399.90277335251557,64.22705105840076,0.002801375297362558
1788348482.1079278,0101,401.10,63.00,400.26145449532294,64.22702946021018,0.0030510190858646057
1788348493.494324,0101,399.46,63.00,399.87136039136277,64.22705105840078,0.002788041964029225
1788348504.9505956,0101,398.50,63.00,399.76450801599174,64.22705105840075,0.0030575086161348025
1788348516.0218077,0101,400.42,63.00,400.2414169819419,64.22705105840076,0.003025476348301744
1788348527.4625058,0101,399.30,63.00,399.9332026454448,64.22705105840078,0.0027729949825868938
1788348538.5602586,0101,401.47,63.00,400.12256815071356,64.21791819786093,0.0029875626761747755
1788348549.591058,0101,399.84,63.00,400.12918660724097,64.22705105840078,0.0028878319569311368
1788348560.7041314,0101,399.82,63.00,400.129186607241,64.22705105840076,0.0028878319569311368
1788348571.872947,0101,400.10,63.00,400.1975448236146,64.22705105840078,0.002961386712447403
1788348582.9411013,0101,399.98,63.00,400.19419979593533,64.22705105840076,0.002945808142756079
1788348594.6811533,0101,401.62,63.00,400.1662340258043,64.21791819786095,0.0029875626761747755
1788348605.697244,0101,401.21,63.00,400.2137020225762,64.22702946021019,0.0030581799991287774
1788348616.7541862,0101,399.74,63.00,399.95180158006826,64.22705105840076,0.0028631894372460978
1788348628.19138,0101,401.28,63.00,400.1843391476665,64.21791819786095,0.0030244975420751588
1788348639.2582045,0101,401.51,63.00,400.12256815071356,64.21791819786095,0.002987562676174776
1788348650.6297212,0101,399.92,63.00,400.2565952056178,64.22705105840079,0.002932693180526662
1788348661.6747808,0101,401.42,63.00,400.14179724390476,64.21791819786095,0.0030244975420751588
1788348673.067734,0101,401.77,63.00,400.1833423675439,64.21745018488447,0.0029764762564216895
1788348684.5961442,0101,400.93,63.00,400.25834685644315,64.22702946021018,0.0030029273286939014
1788348696.3074517,0101,400.09,63.00,400.1988781569479,64.22705105840076,0.002961386712447403
1788348707.334795,0101,400.63,63.00,400.3035141092917,64.22705105840078,0.0030121430149684107
1788348718.7055578,0101,400.53,63.00,400.29237325529505,64.22705105840078,0.0030121430149684116
1788348729.7778847,0101,398.81,63.00,399.83387977893216,64.22705105840076,0.002888538027899508
1788348740.8622108,0101,399.01,63.00,399.89264556101926,64.22705105840078,0.002786605372197284
1788348751.9223866,0101,400.45,63.00,400.29237325529505,64.22705105840078,0.0030121430149684116
1788348763.6269727,0101,401.28,63.00,400.18433914766655,64.21791819786097,0.003024497542075159
1788348774.6968565,0101,399.95,63.00,400.1941997959353,64.22705105840076,0.002945808142756079
1788348785.825792,0101,400.66,63.00,400.2791988919003,64.22702946021019,0.0030029273286939014
1788348796.913569,0101,397.67,63.00,399.36696051000126,64.22705105840078,0.00303339206818394
1788348807.9870656,0101,397.64,63.00,399.36696051000115,64.22705105840078,0.00303339206818394
1788348819.069176,0101,400.22,63.00,400.2596614983836,64.22705105840078,0.002995672426733117
1788348830.8378391,0101,398.07,63.00,399.37167759601977,64.22705105840078,0.0030333920681839396
1788348841.889915,0101,400.27,63.00,400.267220979865,64.22705105840078,0.003025476348301744
1788348853.2719362,0101,401.07,63.00,400.2614544953227,64.22702946021019,0.0030510190858646057
1788348864.4284065,0101,399.91,63.00,400.2565952056178,64.22705105840076,0.002932693180526662
1788348875.5035748,0101,398.43,63.00,399.74995128721326,64.22705105840078,0.003066725401517274
1788348886.5813599,0101,401.46,63.00,400.12256815071356,64.21791819786097,0.0029875626761747755
1788348897.6698806,0101,399.66,63.00,399.9627882467349,64.22705105840078,0.0028631894372460973
1788348908.72758,0101,400.18,63.00,400.2280015429822,64.22705105840078,0.002961386712447403
1788348919.7699513,0101,400.97,63.00,400.27706466693775,64.22702946021018,0.0030029273286939014
1788348930.9174767,0101,400.00,63.00,400.19419979593533,64.22705105840076,0.002945808142756079
1788348941.9733298,0101,401.50,63.00,400.1225681507137,64.21791819786097,0.002987562676174776
1788348953.1616855,0101,400.37,63.00,400.25480587083086,64.22705105840078,0.0030254763483017443
1788348964.1669686,0101,401.63,63.00,400.1662340258044,64.21791819786095,0.002987562676174776
1788348975.2638626,0101,399.34,63.00,399.93320264544485,64.22705105840078,0.002786328315920227
1788348986.6571946,0101,400.40,63.00,400.2548058708307,64.22705105840079,0.0030254763483017443
1788348997.7937367,0101,400.43,63.00,400.241416981942,64.22705105840078,0.003025476348301744
1788349008.8621054,0101,400.12,63.00,400.1975448236145,64.22705105840078,0.002961386712447403
1788349020.569951,0101,400.81,63.00,400.3053792645253,64.22702946021019,0.003002927328693901
1788349031.941608,0101,401.15,63.00,400.26145449532277,64.22702946021018,0.0030510190858646057
1788349043.3399558,0101,401.92,63.00,400.37172121317286,64.21745018488446,0.002976476256421689
1788349054.7809527,0101,399.99,63.00,400.19419979593533,64.22705105840076,0.002945808142756079
1788349065.84103,0101,399.48,63.00,399.8713603913629,64.22705105840076,0.0027880419640292243
1788349076.8828514,0101,401.28,63.00,400.1843391476666,64.21791819786095,0.0030244975420751588
1788349088.069642,0101,401.48,63.00,400.1225681507137,64.21791819786095,0.0029875626761747755
1788349099.8105652,0101,398.96,63.00,399.8819788943525,64.22705105840076,0.0028159880882466662
1788349111.0533357,0101,398.28,63.00,399.74417350943537,64.22705105840076,0.0030333920681839405
1788349122.1060307,0101,400.35,63.00,400.25480587083086,64.22705105840078,0.003025476348301744
1788349133.19589,0101,398.88,63.00,399.85636852215777,64.22705105840078,0.0028265941488527266
1788349144.2031603,0101,399.14,63.00,399.90825923776106,64.22705105840078,0.0027866053721972836
1788349155.6209986,0101,398.98,63.00,399.8819788943526,64.22705105840078,0.0028159880882466667
1788349166.676824,0101,400.88,63.00,400.25834685644327,64.22702946021018,0.0030029273286939014
1788349178.043023,0101,402.12,63.00,400.5402629304939,64.21535557907534,0.0030236271558789986
1788349189.0817034,0101,401.13,63.00,400.2614544953228,64.22702946021018,0.0030510190858646057
1788349200.471039,0101,401.34,63.00,400.1832280365555,64.21791819786098,0.0030244975420751588
1788349211.5895016,0101,398.95,63.00,399.8719788943525,64.22705105840078,0.0028159880882466662
1788349222.6278365,0101,398.51,63.00,399.7645080159917,64.22705105840078,0.0029810380278995087
1788349234.1108255,0101,400.60,63.00,400.31484744262514,64.22705105840078,0.003012143014968411
1788349245.1820757,0101,399.09,63.00,399.899783047285,64.22705105840078,0.0027866053721972836
1788349256.609821,0101,398.36,63.00,399.74995128721326,64.22705105840078,0.003066725401517274
1788349267.6971984,0101,398.23,63.00,399.74417350943537,64.22705105840079,0.0030333920681839405
1788349278.7778563,0101,401.47,63.00,400.12256815071356,64.21791819786098,0.002987562676174776
1788349289.8413067,0101,401.53,63.00,400.12256815071356,64.21791819786095,0.0029875626761747755
1788349301.4156165,0101,397.77,63.00,399.36696051000126,64.22705105840076,0.0030333920681839405
1788349312.5033965,0101,398.33,63.00,399.7499512872132,64.22705105840078,0.0030333920681839405
1788349323.5355904,0101,399.08,63.00,399.8997830472849,64.22705105840079,0.0027866053721972836
1788349334.9366772,0101,402.45,63.00,400.4554389543627,64.21725665511468,0.003002041854590158
1788349346.1413574,0101,400.65,63.00,400.3035141092918,64.22705105840078,0.0030121430149684116
1788349357.6034088,0101,398.77,63.00,399.8338797789321,64.22705105840078,0.002888538027899508
1788349369.0240288,0101,398.12,63.00,399.37167759601994,64.22705105840078,0.0030333920681839405
1788349380.0767481,0101,399.87,63.00,400.26526187228444,64.22705105840078,0.002926285522869004
1788349391.2550943,0101,399.08,63.00,399.899783047285,64.22705105840078,0.002786605372197284
1788349402.3732016,0101,397.71,63.00,399.3669605100012,64.22705105840078,0.0030333920681839405
1788349413.4550142,0101,400.78,63.00,400.2801399482859,64.22702946021016,0.0030029273286939014
1788349424.8432097,0101,399.26,63.00,399.93320264544485,64.22705105840076,0.002772994982586894
1788349436.2314034,0101,399.33,63.00,399.93320264544474,64.22705105840078,0.0027863283159202277
1788349447.296387,0101,400.22,63.00,400.25966149838365,64.22705105840078,0.002995672426733117
1788349458.413149,0101,400.30,63.00,400.26722097986504,64.22705105840078,0.0030254763483017443
1788349469.8483062,0101,398.08,63.00,399.4206509293534,64.21577126980301,0.014765436970573219
1788349481.7200112,0101,399.32,63.00,399.9453002876747,64.21577126980301,0.013737877091082746
1788349493.7639415,0101,399.45,63.00,399.89972470025936,64.215771269803,0.013770064311269967
1788349506.1505795,0101,401.04,63.00,400.26777496163027,64.2157496716124,0.013135453139502977
1788349518.4011292,0101,401.31,63.00,400.1832280365554,64.21791819786095,0.003024497542075159
1788349530.1214821,0101,401.44,63.00,400.1417972439047,64.21791819786095,0.003024497542075159
1788349541.187856,0101,400.79,63.00,400.2641102477885,64.2157496716124,0.013256805248462617
